TRDAR_SE_CD,TRDAR_SE_CD_NM,TRDAR_CD,TRDAR_CD_NM,XCNTS_VALUE,YDNTS_VALUE,SIGNGU_CD,ADSTRD_CD,STDR_YM_CD
A,골목상권,2110753,시흥동 은행나무사거리,191934,438813,11545,11545710,202112
A,골목상권,2110427,노원 을지대학교병원,206265,459431,11350,11350611,202112
A,골목상권,2110755,동일여자고등학교,192300,439070,11545,11545680,202112
A,골목상권,2110739,시흥3동 우편취급국,191289,438014,11545,11545690,202112
A,골목상권,2111017,송파나루역 3번,210222,445516,11710,11710562,202112
A,골목상권,2110249,중화역 1번,207203,456106,11260,11260600,202112
A,골목상권,2110963,역삼월드메르디앙아파트,203260,443659,11680,11680640,202112
A,골목상권,2110332,돌곶이역 3번,205155,457004,11290,11290770,202112
A,골목상권,2110245,KB국민은행 중화동지점,206928,455306,11260,11260610,202112
A,골목상권,2110719,영서중학교,190510,443238,11530,11530540,202112
A,골목상권,2110932,서울시인재개발원,202065,442758,11650,11650510,202112
A,골목상권,2110933,한국상담대학원대학교,202091,443006,11650,11650510,202112
A,골목상권,2110868,남부초등학교,193242,442825,11620,11620685,202112
A,골목상권,2110395,신한은행 방학동지점,203210,462708,11320,11320690,202112
A,골목상권,2110393,국민은행방학지점,202918,462499,11320,11320710,202112
A,골목상권,2110114,왕십리파출소,202802,451995,11200,11200535,202112
A,골목상권,2110760,선유도역 6번,190474,448534,11560,11560620,202112
A,골목상권,2111068,강동성심병원,211971,448499,11740,11740685,202112
A,골목상권,2110619,목4동주민센터,188177,448004,11470,11470540,202112
A,골목상권,2110093,우사단길,200013,448122,11170,11170685,202112
A,골목상권,2110734,금천파출소,191061,439380,11545,11545670,202112
A,골목상권,2111030,방이역 2번,211453,445218,11710,11710570,202112
A,골목상권,2110573,신촌역 6번,194606,450433,11440,11440600,202112
A,골목상권,2110053,청구역 1번,201114,451386,11140,11140615,202112
A,골목상권,2110972,강남세브란스병원미래의학연구센터,203786,443905,11680,11680650,202112
A,골목상권,2110911,방배배수지체육공원,199109,441478,11650,11650620,202112
A,골목상권,2110969,베르사이유1아파트,203564,444385,11680,11680650,202112
A,골목상권,2111002,한국교통안전공단 강남자동차검사소,210597,441133,11680,11680700,202112
A,골목상권,2110863,난우초등학교,192781,441883,11620,11620765,202112
A,골목상권,2110751,난곡중학교,191810,442086,11545,11545630,202112
A,골목상권,2110993,개포지하차도 북측,205157,442012,11680,11680660,202112
A,골목상권,2110725,가산동주민센터,190317,442049,11545,11545510,202112
A,골목상권,2110723,가산디지털단지역 1번 출입구,189718,442660,11545,11545510,202112
A,골목상권,2110938,바우뫼공원,203210,441747,11650,11650651,202112
A,골목상권,2110999,윗방죽마을공원,209174,441371,11680,11680700,202112
A,골목상권,2110941,언남고등학교,203704,441599,11650,11650652,202112
A,골목상권,2110087,이태원엔틱가구거리,199460,447962,11170,11170650,202112
A,골목상권,2110094,오산중학교,200103,447302,11170,11170700,202112
A,골목상권,2110262,상봉역 3번,207894,454997,11260,11260590,202112
A,골목상권,2110279,신내역 2번,209665,456979,11260,11260655,202112
A,골목상권,2110107,금호사거리,202135,449773,11200,11200620,202112
A,골목상권,2110576,대흥역 3번,195013,449632,11440,11440600,202112
A,골목상권,2111010,석촌역 7번,209002,445150,11710,11710600,202112
A,골목상권,2110098,서울독일학교,200916,448556,11170,11170685,202112
A,골목상권,2110669,화곡보람2차아파트,187145,450421,11500,11500591,202112
A,골목상권,2111081,둔촌푸르지오아파트,212933,448427,11740,11740700,202112
A,골목상권,2110331,돌곶이역 8번,205055,456506,11290,11290810,202112
A,골목상권,2110786,당산역 8번,191589,448287,11560,11560560,202112
A,골목상권,2110956,언주역 8번,202759,445039,11680,11680640,202112
A,골목상권,2111003,삼전역 4번,207258,444942,11710,11710650,202112
A,골목상권,2110565,홍익대,193645,450375,11440,11440655,202112
A,골목상권,2110149,세종대학교,206732,450331,11215,11215730,202112
A,골목상권,2110110,상왕십리역 6번,202480,451599,11200,11200520,202112
A,골목상권,2110539,미근동,197077,451538,11410,11410565,202112
A,골목상권,2110505,홍남교남측,193349,452680,11410,11410615,202112
A,골목상권,2110055,황학동벼룩시장,201637,452263,11140,11140670,202112
A,골목상권,2110122,마장역 2번,203876,452025,11200,11200540,202112
A,골목상권,2111065,천일초등학교,211856,449198,11740,11740620,202112
A,골목상권,2110305,보문역 5번,201963,453846,11290,11290600,202112
A,골목상권,2110499,연가초등학교,192793,453609,11410,11410720,202112
A,골목상권,2110150,중곡1동 마을마당,206769,451337,11215,11215740,202112
A,골목상권,2110236,신묵초등학교,206619,456601,11260,11260630,202112
A,골목상권,2111023,문정역 1번,210877,443156,11710,11710641,202112
A,골목상권,2110925,서초중학교,200588,443043,11650,11650530,202112
A,골목상권,2110910,내방역 5번,199070,443198,11650,11650621,202112
A,골목상권,2110775,대동초등학교,191247,443583,11560,11560710,202112
A,골목상권,2110854,조원동주민센터,191833,442548,11620,11620725,202112
A,골목상권,2110853,KT구로지사,191358,442409,11620,11620725,202112
A,골목상권,2110918,방배역 3번,199432,442537,11650,11650600,202112
A,골목상권,2110243,중랑노인종합복지관,206884,454298,11260,11260520,202112
A,골목상권,2110935,한전아트센터,202365,442972,11650,11650520,202112
A,골목상권,2110585,마포경찰서,195980,450293,11440,11440555,202112
A,골목상권,2110871,신원동주민센터,193573,442367,11620,11620655,202112
A,골목상권,2110811,보라매역 4번,192681,444420,11560,11560680,202112
A,골목상권,2110992,도곡초등학교,204993,444495,11680,11680630,202112
A,골목상권,2111043,마천공원,212884,444670,11710,11710550,202112
A,골목상권,2111039,벌말어린이공원,212381,444713,11710,11710570,202112
A,골목상권,2110771,대림역 11번,191048,443665,11560,11560710,202112
A,골목상권,2110700,고척초등학교,187406,444674,11530,11530720,202112
A,골목상권,2110903,방배아이파크아파트,198654,443663,11650,11650590,202112
A,골목상권,2110709,구로119안전센터,189533,443801,11530,11530530,202112
A,골목상권,2110986,삼성중앙역 7번,204638,445688,11680,11680590,202112
A,골목상권,2110949,한남IC,201717,446819,11680,11680510,202112
A,골목상권,2111026,문정역 2번,211189,442750,11710,11710641,202112
A,골목상권,2110621,목동역 5번,188310,447297,11470,11470510,202112
A,골목상권,2110684,서울공연예술고등학교,184995,444292,11530,11530790,202112
A,골목상권,2110757,양평역 2번,189735,447287,11560,11560610,202112
A,골목상권,2110878,미림여고,194062,440614,11620,11620745,202112
A,골목상권,2110866,난우중학교,193108,441045,11620,11620775,202112
A,골목상권,2110379,KT&G 북부지사,203117,459526,11305,11305590,202112
A,골목상권,2110882,신성초등학교,194406,441489,11620,11620665,202112
A,골목상권,2110724,금천구립가산도서관,190299,441543,11545,11545510,202112
A,골목상권,2110926,신중초등학교,200677,442445,11650,11650530,202112
A,골목상권,2111016,송파역 2번,210179,444616,11710,11710590,202112
A,골목상권,2110223,군자초등학교,205570,451612,11230,11230650,202112
A,골목상권,2110648,양천향교역 7번,185666,451929,11500,11500603,202112
A,골목상권,2110629,송정역 4번,183078,451149,11500,11500620,202112
A,골목상권,2110023,서울대병원,200107,453242,11110,11110640,202112
A,골목상권,2110946,청계산원터골,205030,438243,11650,11650652,202112
A,골목상권,2110160,광진경찰서,207355,449357,11215,11215850,202112
A,골목상권,2110923,방배역 1번,199981,442339,11650,11650620,202112
A,골목상권,2110788,영등포시장역 3번,191703,446987,11560,11560535,202112
A,골목상권,2111011,잠실나루역,209231,446823,11710,11710690,202112
A,골목상권,2110950,논현역 7번,202121,446015,11680,11680521,202112
A,골목상권,2110991,삼성중앙역 5번,204937,445877,11680,11680580,202112
A,골목상권,2110774,당산반도유보라팰리스아파트,191143,447652,11560,11560560,202112
A,골목상권,2110796,한림대학교한강성심병원,191953,447141,11560,11560535,202112
A,골목상권,2110601,신월1동우편취급국,185547,447604,11470,11470560,202112
A,골목상권,2110687,"천왕역 3번(오류2동주민센터, 서울오류남초등학교)",185655,443225,11530,11530780,202112
A,골목상권,2110618,강서고등학교,188130,448472,11470,11470540,202112
A,골목상권,2110545,마포구청역 1번,191583,451769,11440,11440730,202112
A,골목상권,2110460,구산역 4번,192483,457206,11380,11380552,202112
A,골목상권,2110483,연천초등학교,193551,457833,11380,11380530,202112
A,골목상권,2110906,서문여고,198795,443413,11650,11650621,202112
A,골목상권,2110626,양화초등학교,188816,449451,11470,11470520,202112
A,골목상권,2110745,독산동정훈단지,191530,440701,11545,11545620,202112
A,골목상권,2110790,대림1동주민센터,191717,444198,11560,11560670,202112
A,골목상권,2110795,도림초등학교,191924,445495,11560,11560650,202112
A,골목상권,2110501,연희어린이공원,193048,452090,11410,11410615,202112
A,골목상권,2110514,서대문우체국,194143,451117,11410,11410585,202112
A,골목상권,2110838,상도1동주민센터앞,195895,444211,11590,11590530,202112
A,골목상권,2110488,우리은행응암동지점,193852,455651,11380,11380580,202112
A,골목상권,2110288,동구여중,200468,454602,11290,11290525,202112
A,골목상권,2110204,간데메공원,204342,452673,11230,11230600,202112
A,골목상권,2110340,인수중학교,200752,460520,11305,11305660,202112
A,골목상권,2110011,청운초등학교,197190,454150,11110,11110515,202112
A,골목상권,2110189,제기동역 1번,202948,453360,11230,11230545,202112
A,골목상권,2110231,장안교,206489,453478,11230,11230660,202112
A,골목상권,2110475,백련산해모로아파트,193139,455341,11380,11380580,202112
A,골목상권,2110890,봉천역 1번(관악초등학교),195168,442297,11620,11620595,202112
A,골목상권,2110435,서울과학기술대,206741,458893,11350,11350600,202112
A,골목상권,2110401,도봉구민회관,203469,461719,11320,11320515,202112
A,골목상권,2110337,아카데미하우스,200618,460561,11305,11305660,202112
A,골목상권,2110195,동대문구청,203592,452931,11230,11230536,202112
A,골목상권,2110388,도봉우체국,202591,461007,11320,11320680,202112
A,골목상권,2110224,외대앞역 2번,205613,454988,11230,11230720,202112
A,골목상권,2110246,월드순복음교회,206936,454810,11260,11260590,202112
A,골목상권,2110423,석계역 2번,205650,457728,11350,11350560,202112
A,골목상권,2110271,신내역 1번,208657,457316,11260,11260680,202112
A,골목상권,2110104,신금호역 4번,201776,450278,11200,11200615,202112
A,골목상권,2110193,고려대역 4번,203339,454428,11230,11230545,202112
A,골목상권,2110373,수유역 2번,202567,459678,11305,11305590,202112
A,골목상권,2110960,은광여고,203014,443099,11680,11680655,202112
A,골목상권,2111055,선사초등학교,211352,450644,11740,11740580,202112
A,골목상권,2110773,당산역 13번,191094,448556,11560,11560620,202112
A,골목상권,2110072,열정도,197247,448837,11170,11170560,202112
A,골목상권,2110121,한양대역 4번,203714,450803,11200,11200550,202112
A,골목상권,2110990,청담역 12번,204863,446773,11680,11680565,202112
A,골목상권,2110797,KT대방빌딩,191968,444029,11560,11560680,202112
A,골목상권,2110100,옥수동우편취급국,200931,449003,11200,11200645,202112
A,골목상권,2110091,리움미술관,199883,448586,11170,11170685,202112
A,골목상권,2110805,신길새마을금고신길4동지점,192284,445161,11560,11560660,202112
A,골목상권,2110663,우장산롯데캐슬아파트앞,186711,450551,11500,11500591,202112
A,골목상권,2110530,아현역 1번,195902,450888,11410,11410555,202112
A,골목상권,2110026,종로5가역 4번,200475,452590,11110,11110630,202112
A,골목상권,2110043,충무초등학교,200098,451223,11140,11140580,202112
A,골목상권,2110564,홍대입구역 3번,193426,451169,11440,11440660,202112
A,골목상권,2110948,헌인가구단지,207882,439960,11650,11650660,202112
A,골목상권,2110238,배꽃어린이공원,206665,456023,11260,11260610,202112
A,골목상권,2110914,내방역 6번,199218,443346,11650,11650621,202112
A,골목상권,2110880,신림역 1번,194113,442724,11620,11620645,202112
A,골목상권,2110779,대림갑을명가아파트,191408,444095,11560,11560700,202112
A,골목상권,2110791,신풍역 3번,191787,444477,11560,11560670,202112
A,골목상권,2111037,Sh수협은행 오금동금융센터(아랫말어린이공원),212177,445022,11710,11710570,202112
A,골목상권,2110705,고산초등학교,188022,444486,11530,11530720,202112
A,골목상권,2110570,KB국민은행 서강지점,194290,449398,11440,11440630,202112
A,골목상권,2110921,서울프랑스학교,199692,444227,11650,11650581,202112
A,골목상권,2110798,신풍역 2번,191970,444354,11560,11560680,202112
A,골목상권,2110852,이수역 9번,198195,442649,11590,11590620,202112
A,골목상권,2110343,무너미어린이공원,201065,460561,11305,11305645,202112
A,골목상권,2110523,홍제성원아파트,195059,453801,11410,11410620,202112
A,골목상권,2110200,동대문경찰서,203927,453944,11230,11230705,202112
A,골목상권,2110965,언주역 6번,203347,445201,11680,11680640,202112
A,골목상권,2110275,하나은행 망우동지점,208781,455407,11260,11260655,202112
A,골목상권,2110298,솔숲어린이공원,201401,456115,11290,11290620,202112
A,골목상권,2110347,구세군강북종합사회복지관,201229,458476,11305,11305534,202112
A,골목상권,2110383,덕성여대시반거리,201227,461303,11320,11320660,202112
A,골목상권,2110389,한일병원,202602,460535,11320,11320680,202112
A,골목상권,2110342,국립재활원,201054,459737,11305,11305660,202112
A,골목상권,2110412,창동중학교,204221,462436,11320,11320690,202112
A,골목상권,2110320,KB국민은행 종암동지점,203277,455021,11290,11290705,202112
A,골목상권,2110678,염창무학아파트,189056,450081,11500,11500510,202112
A,골목상권,2110146,신자초등학교,206420,448020,11215,11215840,202112
A,골목상권,2110073,삼각지역 3번,197583,447985,11170,11170625,202112
A,골목상권,2110151,자양한강도서관,206829,447947,11215,11215830,202112
A,골목상권,2110169,성동초등학교,207823,448110,11215,11215830,202112
A,골목상권,2111076,둔촌2동주민센터,212634,448257,11740,11740700,202112
A,골목상권,2111067,강동구립성내도서관,211950,448089,11740,11740660,202112
A,골목상권,2110154,광진정말공원,206990,448202,11215,11215820,202112
A,골목상권,2111058,성내중학교,211497,447809,11740,11740640,202112
A,골목상권,2110783,영등포시장역 1번,191506,447218,11560,11560535,202112
A,골목상권,2110143,뚝섬유원지역 1번,206074,448229,11215,11215840,202112
A,골목상권,2110092,NH농협은행 보광동지점,199971,447683,11170,11170700,202112
A,골목상권,2110144,어린이대공원역 4번,206340,449654,11215,11215710,202112
A,골목상권,2110059,새남터성지,196101,447377,11170,11170640,202112
A,골목상권,2110044,관성묘,200305,451264,11140,11140580,202112
A,골목상권,2110088,오산고등학교,199584,447416,11170,11170690,202112
A,골목상권,2110770,영등포구청역 6번,191000,447029,11560,11560550,202112
A,골목상권,2110976,언북초등학교,204029,446915,11680,11680565,202112
A,골목상권,2110155,광진구청,207008,448838,11215,11215820,202112
A,골목상권,2110267,망우역 2번,208095,455764,11260,11260580,202112
A,골목상권,2110600,신월7동주민센터,185364,447026,11470,11470611,202112
A,골목상권,2110985,청담근린공원,204619,447061,11680,11680565,202112
A,골목상권,2110756,문래중학교,189709,446964,11560,11560610,202112
A,골목상권,2110129,성원어린이공원,204439,450045,11200,11200660,202112
A,골목상권,2110234,중랑역 4번,206542,454925,11260,11260610,202112
A,골목상권,2110045,동대문역사문화공원역 5번,200437,451435,11140,11140580,202112
A,골목상권,2110398,쌍문2동우체국,203267,461686,11320,11320670,202112
A,골목상권,2110704,고척중학교,187946,444437,11530,11530720,202112
A,골목상권,2110981,국악고교사거리,204328,441787,11680,11680690,202112
A,골목상권,2110381,번동주공2단지,203892,458742,11305,11305606,202112
A,골목상권,2110977,논현로18길,204149,441990,11680,11680690,202112
A,골목상권,2111082,중앙보훈병원,213032,448217,11740,11740700,202112
A,골목상권,2110628,신목동역,189375,449531,11470,11470520,202112
A,골목상권,2110126,서울숲역 1번,204125,449553,11200,11200650,202112
A,골목상권,2110556,절두산순교성지,192340,449460,11440,11440680,202112
A,골목상권,2110180,광진정보도서관,209589,449994,11215,11215810,202112
A,골목상권,2110577,용강동주민센터,195045,449330,11440,11440590,202112
A,골목상권,2110653,화곡역 2번,185955,449424,11500,11500615,202112
A,골목상권,2110148,어린이대공원역 3번,206706,449548,11215,11215710,202112
A,골목상권,2110581,염리초등학교,195301,449318,11440,11440610,202112
A,골목상권,2110139,자양4동주민센터,205654,448411,11215,11215847,202112
A,골목상권,2111071,천동초등학교,212291,448965,11740,11740685,202112
A,골목상권,2110102,옥수역 6번,201374,449297,11200,11200645,202112
A,골목상권,2110908,구반포역,198862,444725,11650,11650550,202112
A,골목상권,2111041,거여역 8번,212495,443853,11710,11710531,202112
A,골목상권,2110777,구로세무서,191301,446061,11560,11560605,202112
A,골목상권,2110764,문래역 3번,190692,446833,11560,11560550,202112
A,골목상권,2110959,신구중학교,202862,447325,11680,11680545,202112
A,골목상권,2110962,도산공원북측,203102,447355,11680,11680545,202112
A,골목상권,2110070,용산세무서,197188,447141,11170,11170625,202112
A,골목상권,2110604,신월4동주민센터,185846,447115,11470,11470590,202112
A,골목상권,2110602,신월시영아파트중문,185637,446639,11470,11470611,202112
A,골목상권,2110643,강서구다솔마을,184069,450602,11500,11500620,202112
A,골목상권,2110598,신월문화체육센터,185258,446833,11470,11470611,202112
A,골목상권,2110729,가산동우체국,190541,442035,11545,11545510,202112
A,골목상권,2110761,문래동남성맨션,190498,445810,11560,11560605,202112
A,골목상권,2110784,신대림초등학교,191506,443621,11560,11560700,202112
A,골목상권,2110818,신대방역 3번,192075,443033,11590,11590670,202112
A,골목상권,2110553,가좌역 2번,192121,452065,11440,11440730,202112
A,골목상권,2111045,개미어린이공원,213329,443565,11710,11710647,202112
A,골목상권,2110461,새절역 2번,192512,454580,11380,11380600,202112
A,골목상권,2110476,역촌역 2번,193184,456531,11380,11380570,202112
A,골목상권,2110842,흑리단길,196916,445306,11590,11590605,202112
A,골목상권,2110287,정릉3동주민센터,200319,456642,11290,11290640,202112
A,골목상권,2110312,안암역 2번,202602,454316,11290,11290600,202112
A,골목상권,2110494,증산3교남측,191700,453276,11410,11410710,202112
A,골목상권,2110504,명지전문대,193298,454052,11410,11410685,202112
A,골목상권,2110184,용두사거리,202573,453009,11230,11230536,202112
A,골목상권,2110183,한국의류시험연구원,202500,453147,11230,11230536,202112
A,골목상권,2110244,중화역 4번,206913,455991,11260,11260610,202112
A,골목상권,2110434,태릉입구역 4번,206737,457929,11350,11350595,202112
A,골목상권,2110386,연산군묘,202085,462372,11320,11320710,202112
A,골목상권,2110248,먹골파출소,207106,457307,11260,11260620,202112
A,골목상권,2110132,성수2가3동주민센터,204787,449993,11200,11200690,202112
A,골목상권,2110145,장안초등학교,206417,449949,11215,11215730,202112
A,골목상권,2111080,굽은다리역 3번,212904,449844,11740,11740530,202112
A,골목상권,2110612,신정역 5번,187252,447113,11470,11470650,202112
A,골목상권,2110082,용산구청,199227,448102,11170,11170650,202112
A,골목상권,2110594,신월중학교,184721,449145,11470,11470600,202112
A,골목상권,2110141,건대입구역 1번,205857,449288,11215,11215710,202112
A,골목상권,2110103,옥수터널,201470,449614,11200,11200620,202112
A,골목상권,2111078,굽은다리역 4번,212782,449315,11740,11740685,202112
A,골목상권,2110644,신광명마을,184440,449753,11500,11500611,202112
A,골목상권,2110096,한남힐사이드아파트,200338,449243,11170,11170685,202112
A,골목상권,2110127,성수1가1동주민센터,204372,449136,11200,11200650,202112
A,골목상권,2110097,한남초등학교,200500,448582,11170,11170685,202112
A,골목상권,2110561,상수역 4번,193000,449662,11440,11440655,202112
A,골목상권,2110264,면목역 2번,208058,454157,11260,11260565,202112
A,골목상권,2110166,구의1동주민센터,207561,449082,11215,11215850,202112
A,골목상권,2110136,경수초등학교,205263,448973,11200,11200670,202112
A,골목상권,2110438,경춘선숲길 우측,206935,458471,11350,11350600,202112
A,골목상권,2110131,성수동카페거리,204684,449190,11200,11200670,202112
A,골목상권,2110566,경의선책거리,193689,450734,11440,11440660,202112
A,골목상권,2110569,홍대땡땡거리,193972,450588,11440,11440660,202112
A,골목상권,2110554,망원역 1번,192279,450751,11440,11440660,202112
A,골목상권,2110054,청구역 3번,201180,450829,11140,11140645,202112
A,골목상권,2110582,이대역 5번,195348,450624,11440,11440610,202112
A,골목상권,2110650,우장산힐스테이트,185767,450679,11500,11500615,202112
A,골목상권,2110164,아차산역 5번,207530,450440,11215,11215780,202112
A,골목상권,2111032,방이역 1번,211549,445482,11710,11710570,202112
A,골목상권,2110677,등촌역 1번,188106,450468,11500,11500520,202112
A,골목상권,2110699,덕의초등학교,187267,445222,11530,11530730,202112
A,골목상권,2111015,석촌역 3번,209912,445174,11710,11710580,202112
A,골목상권,2110814,서울지방병무청,193052,445327,11560,11560690,202112
A,골목상권,2110826,장승배기역 4번,194197,444877,11590,11590540,202112
A,골목상권,2110177,동의초등학교,208438,450327,11215,11215860,202112
A,골목상권,2110623,갈산공원,188443,445259,11470,11470680,202112
A,골목상권,2110111,대현산장미원,202631,450329,11200,11200580,202112
A,골목상권,2111006,석촌고분역 1번,208230,445073,11710,11710610,202112
A,골목상권,2110047,다산성곽길,200608,450666,11140,11140625,202112
A,골목상권,2111004,삼전역 1번,207500,445261,11710,11710650,202112
A,골목상권,2110967,역삼역 8번,203382,444993,11680,11680640,202112
A,골목상권,2110555,홍익지구대,192289,450418,11440,11440660,202112
A,골목상권,2110575,대흥동주민센터,194809,450610,11440,11440600,202112
A,골목상권,2110050,약수역 7번,200962,450287,11140,11140635,202112
A,골목상권,2110649,우장산역 1번,185677,450379,11500,11500615,202112
A,골목상권,2110168,대원고등학교,207768,451633,11215,11215770,202112
A,골목상권,2110580,양원초등학교,195136,450422,11440,11440600,202112
A,골목상권,2110661,강서새말어린이공원,186540,450299,11500,11500591,202112
A,골목상권,2110106,금북초등학교,202130,450772,11200,11200590,202112
A,골목상권,2110174,아차산역 1번,208056,450646,11215,11215770,202112
A,골목상권,2110540,망원나들목체육관,191151,450504,11440,11440690,202112
A,골목상권,2110557,홍대부속여중고앞,192507,450966,11440,11440660,202112
A,골목상권,2111070,천호초등학교,212120,449759,11740,11740600,202112
A,골목상권,2110051,한양공고앞 교차로,201020,451547,11140,11140615,202112
A,골목상권,2110624,목동문화체육센터,188618,449080,11470,11470520,202112
A,골목상권,2111084,길동신동아아파트,213107,449175,11740,11740685,202112
A,골목상권,2110101,옥정중학교,201121,449012,11200,11200645,202112
A,골목상권,2110559,성산중학교,192647,449711,11440,11440680,202112
A,골목상권,2110170,동대부여고,207839,449114,11215,11215850,202112
A,골목상권,2110159,구의역 4번,207146,448373,11215,11215820,202112
A,골목상권,2111083,GS강동자이아파트,213033,448723,11740,11740685,202112
A,골목상권,2110134,성수119안전센터,205057,448527,11200,11200670,202112
A,골목상권,2111007,석촌고분역 4번,208287,444493,11710,11710610,202112
A,골목상권,2111009,송파책박물관,208993,444391,11710,11710600,202112
A,골목상권,2110075,숙대입구역 1번,197730,449741,11170,11170530,202112
A,골목상권,2110563,상수역 3번,193355,449596,11440,11440655,202112
A,골목상권,2110120,서울숲카페거리,203619,449741,11200,11200660,202112
A,골목상권,2110567,광흥창역 6번,193731,449739,11440,11440655,202112
A,골목상권,2110179,광나루역 1번,209116,449632,11215,11215810,202112
A,골목상권,2110217,자동차부품상가,205184,451731,11230,11230610,202112
A,골목상권,2111051,천호역 6번,211001,448375,11740,11740650,202112
A,골목상권,2110065,남정초등학교,196866,448561,11170,11170560,202112
A,골목상권,2110579,마포역 4번,195130,448538,11440,11440585,202112
A,골목상권,2110173,구남초등학교,208031,448446,11215,11215870,202112
A,골목상권,2110095,한강진역 3번,200158,448681,11170,11170685,202112
A,골목상권,2110076,삼각지역 14번,197745,448393,11170,11170625,202112
A,골목상권,2110034,창신1동주민센터,201528,452334,11110,11110670,202112
A,골목상권,2110843,사당5동주민센터,197097,442989,11590,11590651,202112
A,골목상권,2110599,신월1파출소,185325,447981,11470,11470560,202112
A,골목상권,2111056,천호태영아파트,211394,448704,11740,11740620,202112
A,골목상권,2110140,건대입구역 6번,205828,448806,11215,11215847,202112
A,골목상권,2110667,가양역 10번,187024,451364,11500,11500535,202112
A,골목상권,2110844,흑석2치안센터,197246,445134,11590,11590605,202112
A,골목상권,2111012,석촌역 6번,209371,444750,11710,11710600,202112
A,골목상권,2110268,망우3동주민센터,208359,454690,11260,11260660,202112
A,골목상권,2110543,중암중학교,191417,452630,11440,11440730,202112
A,골목상권,2110086,이태원역 북측,199333,448618,11170,11170650,202112
A,골목상권,2111020,방이동고분군(방산고등학교),210644,445284,11710,11710561,202112
A,골목상권,2110793,대림썬프라자,191826,444071,11560,11560700,202112
A,골목상권,2110099,유엔빌리지길,201096,448321,11170,11170685,202112
A,골목상권,2110058,성심여자고등학교,195991,448300,11170,11170570,202112
A,골목상권,2110593,신월3동주민센터,184654,448221,11470,11470580,202112
A,골목상권,2110176,해오름공원,208084,450934,11215,11215770,202112
A,골목상권,2110040,중구회현체육센터(정화예술대남산캠퍼스),198403,450740,11140,11140540,202112
A,골목상권,2111008,석촌고분역 3번,208921,444543,11710,11710600,202112
A,골목상권,2110118,왕십리역 9번,203191,450917,11200,11200560,202112
A,골목상권,2111063,강동구립 천호도서관,211686,448948,11740,11740620,202112
A,골목상권,2110133,서울교통공사,205005,451474,11200,11200790,202112
A,골목상권,2110721,가리봉파출소,190542,442270,11530,11530595,202112
A,골목상권,2110888,청룡동주민센터,195016,442149,11620,11620595,202112
A,골목상권,2110436,상계제일중학교,206757,462231,11350,11350624,202112
A,골목상권,2110697,개봉3동주민센터,186981,442705,11530,11530760,202112
A,골목상권,2111040,거여초등학교,212447,444853,11710,11710570,202112
A,골목상권,2110889,봉천역 6번,195155,442774,11620,11620605,202112
A,골목상권,2110858,신대방역 1번,192452,443060,11620,11620685,202112
A,골목상권,2110964,싸리고개근린공원,203308,443417,11680,11680655,202112
A,골목상권,2110975,매봉역 1번,203995,443091,11680,11680655,202112
A,골목상권,2110511,연희초등학교,193992,451828,11410,11410615,202112
A,골목상권,2110165,국립정신건강센터,207538,451399,11215,11215750,202112
A,골목상권,2110508,서연중학교,193581,452250,11410,11410615,202112
A,골목상권,2111069,천호1동주민센터,211978,449440,11740,11740600,202112
A,골목상권,2110161,중곡역 3번,207386,452079,11215,11215760,202112
A,골목상권,2110660,등촌3동주민센터,186514,451025,11500,11500535,202112
A,골목상권,2110560,마포FM,192795,451180,11440,11440710,202112
A,골목상권,2110153,중곡1동주민센터,206986,451216,11215,11215740,202112
A,골목상권,2110674,강서구청가양동별관,187624,451267,11500,11500605,202112
A,골목상권,2110229,장평중학교,206203,451679,11230,11230650,202112
A,골목상권,2110652,양천향교역 2번,185830,452345,11500,11500603,202112
A,골목상권,2110032,수족관거리,201321,452306,11110,11110670,202112
A,골목상권,2110497,가좌역 3번,192349,452356,11410,11410690,202112
A,골목상권,2110225,촬영소사거리,205631,452238,11230,11230610,202112
A,골목상권,2110171,중곡4동주민센터,207894,451157,11215,11215770,202112
A,골목상권,2110198,동대문중앙새마을금고본점,203763,453652,11230,11230545,202112
A,골목상권,2110015,청와대사랑채,197565,453575,11110,11110515,202112
A,골목상권,2110186,종암초등학교,202693,453578,11230,11230545,202112
A,골목상권,2110259,사가정역 1번,207605,453651,11260,11260575,202112
A,골목상권,2110702,개봉초등학교,187595,443251,11530,11530760,202112
A,골목상권,2110919,내방역 8번,199549,443474,11650,11650621,202112
A,골목상권,2110845,사당종합체육관,197351,443491,11590,11590640,202112
A,골목상권,2111027,문정초등학교,211190,443254,11710,11710641,202112
A,골목상권,2110591,충정로역 6번,196683,450957,11140,11140680,202112
A,골목상권,2111090,강일동주민센터,215356,451741,11740,11740515,202112
A,골목상권,2111021,방이역 4번,210844,445738,11710,11710561,202112
A,골목상권,2110655,발산역 5번,186023,450878,11500,11500615,202112
A,골목상권,2110039,회현역 1번,198307,450975,11140,11140540,202112
A,골목상권,2110541,동교초등학교,191294,450935,11440,11440700,202112
A,골목상권,2110004,대신고등학교,196515,452639,11110,11110570,202112
A,골목상권,2110162,군자역 4번,207394,450961,11215,11215750,202112
A,골목상권,2110041,남산케이블카,198702,450783,11140,11140550,202112
A,골목상권,2110520,경의중앙 신촌역,194747,450905,11410,11410585,202112
A,골목상권,2110147,능동우편취급국,206506,450741,11215,11215730,202112
A,골목상권,2110636,방화역 2번,183524,452766,11500,11500630,202112
A,골목상권,2110185,용두초등학교,202589,452782,11230,11230536,202112
A,골목상권,2110115,상왕십리역 3번,202837,451742,11200,11200535,202112
A,골목상권,2110057,황학코아루아파트,201988,451864,11140,11140670,202112
A,골목상권,2110437,당고개역 2번,206859,463094,11350,11350665,202112
A,골목상권,2110524,연희세브란스병원,195098,451640,11410,11410585,202112
A,골목상권,2110534,경기대학교,196506,451629,11410,11410565,202112
A,골목상권,2110152,중곡어린이공원,206889,451722,11215,11215740,202112
A,골목상권,2110548,마포구청역 4번,191677,451386,11440,11440720,202112
A,골목상권,2110722,G타워,190871,442349,11530,11530540,202112
A,골목상권,2110537,충정로현대아파트,196788,451504,11410,11410565,202112
A,골목상권,2110119,마장지하차도,203336,451936,11200,11200540,202112
A,골목상권,2110226,장안1동주민센터,205884,452160,11230,11230650,202112
A,골목상권,2110218,답십리사거리,205185,452285,11230,11230610,202112
A,골목상권,2110038,경향신문사,197323,452000,11140,11140520,202112
A,골목상권,2110536,돈의문센트레빌아파트입구,196718,451903,11410,11410520,202112
A,골목상권,2110158,중곡3동주민센터,207139,452098,11215,11215760,202112
A,골목상권,2110240,태릉시장 특화거리,206780,455379,11260,11260610,202112
A,골목상권,2110500,남가좌동현대아파트,192917,452729,11410,11410700,202112
A,골목상권,2110025,충신시장옆,200372,452805,11110,11110630,202112
A,골목상권,2110633,개화산역 1번,183231,452569,11500,11500640,202112
A,골목상권,2110036,동묘앞역 3번,201785,452612,11110,11110710,202112
A,골목상권,2110030,동대문역 3번,201113,452622,11110,11110670,202112
A,골목상권,2110641,공항고등학교,183943,452511,11500,11500630,202112
A,골목상권,2110517,서대문소방서,194381,452679,11410,11410615,202112
A,골목상권,2110439,당고개역 5번,206945,463541,11350,11350665,202112
A,골목상권,2110209,답십리 장령당공원,204603,452286,11230,11230600,202112
A,골목상권,2110518,서대문구청,194397,453106,11410,11410615,202112
A,골목상권,2110637,송정역 2번,183559,451406,11500,11500620,202112
A,골목상권,2111061,암사역 1번,211593,450253,11740,11740570,202112
A,골목상권,2110631,방화초등학교,183183,452218,11500,11500640,202112
A,골목상권,2110716,구로나눔길,190150,443825,11530,11530530,202112
A,골목상권,2110657,양천향교역 5번,186168,451814,11500,11500535,202112
A,골목상권,2110526,봉원사,195290,452109,11410,11410585,202112
A,골목상권,2111033,문정동성당,211791,443152,11710,11710646,202112
A,골목상권,2110330,돌곶이역 1번,204795,456779,11290,11290770,202112
A,골목상권,2110693,오류동역 4번,186430,444135,11530,11530770,202112
A,골목상권,2110917,서초소방서,199349,444205,11650,11650581,202112
A,골목상권,2110615,신서초등학교,187745,446836,11470,11470620,202112
A,골목상권,2110994,개포고등학교,205441,442634,11680,11680670,202112
A,골목상권,2110698,개웅초등학교(개웅중학교),187006,443245,11530,11530760,202112
A,골목상권,2111088,고덕동성당,215016,451196,11740,11740560,202112
A,골목상권,2110078,이촌동점보아파트,198115,446525,11170,11170630,202112
A,골목상권,2110973,강남구청역 4번,203838,446606,11680,11680565,202112
A,골목상권,2110988,청담역 3번,204808,446522,11680,11680580,202112
A,골목상권,2110966,논현2동주민센터,203355,446590,11680,11680531,202112
A,골목상권,2110799,영등포본동주민센터,192053,445969,11560,11560515,202112
A,골목상권,2110970,학동초등학교,203671,445806,11680,11680531,202112
A,골목상권,2110211,전곡마을마당공원,204819,453331,11230,11230560,202112
A,골목상권,2110974,언주중학교,203957,446014,11680,11680590,202112
A,골목상권,2110216,전농중학교,205178,453253,11230,11230570,202112
A,골목상권,2110205,경희대삼거리,204528,454591,11230,11230710,202112
A,골목상권,2110825,신대방삼거리역 1번,194028,444089,11590,11590550,202112
A,골목상권,2110834,동작구자원봉사센터,195254,445454,11590,11590510,202112
A,골목상권,2110689,오류동역 3번,186128,444250,11530,11530770,202112
A,골목상권,2110861,관악구신사동주민센터,192725,442729,11620,11620685,202112
A,골목상권,2110690,오류2동버들시장,186150,443556,11530,11530780,202112
A,골목상권,2110625,신정2동주민센터,188651,446561,11470,11470630,202112
A,골목상권,2110782,영등포시장역 4번,191505,446956,11560,11560535,202112
A,골목상권,2110089,서빙고동주민센터,199682,446949,11170,11170690,202112
A,골목상권,2110806,서울시립영등포장애인복지관,192318,446854,11560,11560535,202112
A,골목상권,2110609,신정네거리역 2번,186647,446879,11470,11470640,202112
A,골목상권,2110758,문래소공원,189992,446832,11560,11560605,202112
A,골목상권,2110954,국기원,202535,444783,11680,11680640,202112
A,골목상권,2110995,봉은사역 4번,205519,446418,11680,11680580,202112
A,골목상권,2110616,양목초등학교,187800,447079,11470,11470650,202112
A,골목상권,2110968,강남구청역 2번,203553,446134,11680,11680531,202112
A,골목상권,2110071,한강미주맨션아파트,197246,446792,11170,11170630,202112
A,골목상권,2110607,금빛새마을금고본점,186316,446727,11470,11470570,202112
A,골목상권,2110613,신정네거리역 4번,187327,446639,11470,11470620,202112
A,골목상권,2110206,텃골근린공원,204572,453278,11230,11230560,202112
A,골목상권,2110670,신곡초등학교,187282,448478,11500,11500570,202112
A,골목상권,2110646,푸른들청소년도서관,185479,449463,11500,11500560,202112
A,골목상권,2110647,화곡역 5번,185654,448826,11500,11500540,202112
A,골목상권,2110597,신월1동주민센터,185150,448330,11470,11470560,202112
A,골목상권,2110596,서서울호수공원,185084,447733,11470,11470580,202112
A,골목상권,2110256,면목2동체육관,207360,454464,11260,11260520,202112
A,골목상권,2110982,강남구보훈회관,204400,446173,11680,11680590,202112
A,골목상권,2110695,개봉1동주민센터,186844,444589,11530,11530730,202112
A,골목상권,2110997,대청초등학교,207477,443642,11680,11680730,202112
A,골목상권,2110835,상도역 1번,195409,444697,11590,11590530,202112
A,골목상권,2110952,논현목련공원,202328,445762,11680,11680521,202112
A,골목상권,2110208,시조사삼거리,204599,454302,11230,11230710,202112
A,골목상권,2111064,둔촌동역 4번,211693,447592,11740,11740660,202112
A,골목상권,2110219,삼육보건대학교,205368,454267,11230,11230730,202112
A,골목상권,2110258,면동초등학교,207602,454064,11260,11260565,202112
A,골목상권,2110833,상도역 2번,195129,444883,11590,11590540,202112
A,골목상권,2110780,신길대성유니드아파트,191410,444730,11560,11560670,202112
A,골목상권,2110989,대치동아우편취급국,204813,444816,11680,11680630,202112
A,골목상권,2110175,푸른동산공원,208073,449099,11215,11215870,202112
A,골목상권,2110083,서빙고역 1번,199261,446921,11170,11170690,202112
A,골목상권,2110706,그라운드 고척,188129,444660,11530,11530720,202112
A,골목상권,2110692,큰굴다리,186400,444468,11530,11530740,202112
A,골목상권,2110831,상도4동주민센터,194853,444381,11590,11590560,202112
A,골목상권,2111005,삼전역 3번,207826,444695,11710,11710610,202112
A,골목상권,2110167,용마초등학교,207580,450942,11215,11215750,202112
A,골목상권,2110156,군자역 5번,207102,450471,11215,11215780,202112
A,골목상권,2111025,경찰병원역 3번,211117,443863,11710,11710632,202112
A,골목상권,2111038,보인중학교,212299,444460,11710,11710570,202112
A,골목상권,2110823,신대방삼거리역 3번,193494,443996,11590,11590680,202112
A,골목상권,2110720,대림역 2번,190523,443690,11530,11530550,202112
A,골목상권,2110686,수궁동주민센터,185333,444002,11530,11530790,202112
A,골목상권,2110713,구로보건소,190070,444686,11530,11530560,202112
A,골목상권,2110691,개봉중학교,186258,444796,11530,11530740,202112
A,골목상권,2110772,신우어린이공원,191058,444857,11560,11560720,202112
A,골목상권,2110808,신길역 1번,192418,446312,11560,11560515,202112
A,골목상권,2110605,목동센트럴아이파크앞,185924,446277,11470,11470610,202112
A,골목상권,2110768,도림2동유수지내체육시설,190891,445320,11560,11560585,202112
A,골목상권,2110839,숭실대입구역 4번,196186,443882,11590,11590530,202112
A,골목상권,2110703,개봉역,187636,443936,11530,11530740,202112
A,골목상권,2111036,투구봉어린이공원,212030,443823,11710,11710632,202112
A,골목상권,2111014,송파나루역 2번,209829,445903,11710,11710562,202112
A,골목상권,2110915,서래초등학교,199313,443943,11650,11650590,202112
A,골목상권,2110714,구로4동주민센터,190136,443514,11530,11530550,202112
A,골목상권,2110603,지향초등학교,185826,445930,11470,11470640,202112
A,골목상권,2110765,문래동사거리,190792,445790,11560,11560605,202112
A,골목상권,2110951,신사은행나무공원,202246,446821,11680,11680510,202112
A,골목상권,2110682,온수역 8번,184465,443965,11530,11530790,202112
A,골목상권,2110617,등촌역 4번,188064,449580,11470,11470530,202112
A,골목상권,2110912,방배동사이길,199117,443846,11650,11650590,202112
A,골목상권,2110125,사근동살곶이상점가,204055,451301,11200,11200550,202112
A,골목상권,2110856,미성초등학교,192263,442248,11620,11620765,202112
A,골목상권,2110828,노량진역 6번,194346,445704,11590,11590520,202112
A,골목상권,2110961,언주역 3번,203036,445734,11680,11680531,202112
A,골목상권,2110809,장훈고등학교,192554,445882,11560,11560515,202112
A,골목상권,2110666,KC대학교,186982,449991,11500,11500591,202112
A,골목상권,2111019,한성백제역 3번,210413,446024,11710,11710562,202112
A,골목상권,2110658,화곡초등학교,186391,449540,11500,11500590,202112
A,골목상권,2110672,백석중학교,187576,449659,11500,11500530,202112
A,골목상권,2110654,까치산역 4번,185969,448181,11500,11500540,202112
A,골목상권,2110673,뜸부기어린이공원,187608,447894,11500,11500570,202112
A,골목상권,2110645,우장산역 4번,185269,450218,11500,11500611,202112
A,골목상권,2110762,선유도역 1번,190558,448979,11560,11560620,202112
A,골목상권,2110659,화곡역 4번,186437,449049,11500,11500590,202112
A,골목상권,2110595,메디힐병원,184987,448704,11470,11470600,202112
A,골목상권,2110664,강서구청옆,186927,450288,11500,11500591,202112
A,골목상권,2110207,시립대앞사거리,204581,453849,11230,11230560,202112
A,골목상권,2110665,곰달래도서관,186951,447810,11500,11500550,202112
A,골목상권,2110708,화원어린이공원,189482,444291,11530,11530530,202112
A,골목상권,2110668,화곡2동주민센터,187038,448173,11500,11500550,202112
A,골목상권,2110606,신한은행 신월동지점,185963,446705,11470,11470590,202112
A,골목상권,2110662,까치산역 1번,186672,448311,11500,11500593,202112
A,골목상권,2110620,목동보건지소,188251,448803,11470,11470540,202112
A,골목상권,2110701,고척동성당,187566,445090,11530,11530730,202112
A,골목상권,2110542,마포구청역 7번,191326,451287,11440,11440700,202112
A,골목상권,2110090,한국폴리텍대학서울정수캠퍼스,199698,447597,11170,11170700,202112
A,골목상권,2110614,목동로데오거리,187654,447628,11470,11470650,202112
A,골목상권,2110656,까치산역 3번,186105,447699,11500,11500540,202112
A,골목상권,2110987,영동대교남단,204718,447414,11680,11680565,202112
A,골목상권,2111029,오금역 4번,211267,444387,11710,11710632,202112
A,골목상권,2110611,신정역 1번,187132,447467,11470,11470650,202112
A,골목상권,2110763,영등포구청역 2번,190679,447448,11560,11560550,202112
A,골목상권,2110859,난향초등학교,192621,440399,11620,11620715,202112
A,골목상권,2110685,금강수목원아파트,185115,443389,11530,11530780,202112
A,골목상권,2110212,답십리초등학교,204963,452243,11230,11230600,202112
A,골목상권,2110979,청담초등학교,204196,447516,11680,11680565,202112
A,골목상권,2110816,대방역 6번,193198,446187,11560,11560630,202112
A,골목상권,2110872,신림초등학교,193588,442066,11620,11620655,202112
A,골목상권,2110740,금천해태공원,191304,439897,11545,11545670,202112
A,골목상권,2110857,미성동주민센터,192377,441752,11620,11620765,202112
A,골목상권,2110748,백산초등학교,191577,438822,11545,11545710,202112
A,골목상권,2110747,석수역 1번 출입구,191577,437409,11545,11545690,202112
A,골목상권,2110741,독산2동주민센터,191321,440485,11545,11545620,202112
A,골목상권,2111044,남천초등학교,213185,444433,11710,11710550,202112
A,골목상권,2110465,연신내역 7번,192694,457959,11380,11380551,202112
A,골목상권,2110446,내를건너서숲으로도서관,191793,454622,11380,11380632,202112
A,골목상권,2110052,장충초등학교,201039,451125,11140,11140625,202112
A,골목상권,2110049,장충단 고개,200910,450870,11140,11140625,202112
A,골목상권,2110639,신방화역 8번,183613,451836,11500,11500630,202112
A,골목상권,2110109,금호삼성래미안아파트,202318,450077,11200,11200590,202112
A,골목상권,2110683,오류고등학교,184733,444341,11530,11530790,202112
A,골목상권,2110592,서울금융고등학교,184595,448560,11470,11470580,202112
A,골목상권,2110681,온수역 1번,184433,443540,11530,11530790,202112
A,골목상권,2110688,오류지구대,185691,443982,11530,11530770,202112
A,골목상권,2110610,계남근린공원,186794,446365,11470,11470640,202112
A,골목상권,2110635,공항시장역 3번,183521,451677,11500,11500620,202112
A,골목상권,2110634,송정역 3번,183494,450899,11500,11500620,202112
A,골목상권,2110638,신방화역 2번,183571,452349,11500,11500630,202112
A,골목상권,2110630,공항시장역 1번,183085,451708,11500,11500640,202112
A,골목상권,2110608,신월2동주민센터,186377,447297,11470,11470570,202112
A,골목상권,2110627,신정롯데캐슬아파트,188937,446751,11470,11470630,202112
A,골목상권,2110895,샤로수길,196101,441818,11620,11620585,202112
A,골목상권,2110794,영동초등학교,191920,447629,11560,11560560,202112
A,골목상권,2110651,화원중학교,185776,448552,11500,11500540,202112
A,골목상권,2110551,성서초등학교,192022,451128,11440,11440720,202112
A,골목상권,2110547,KB국민은행 망원동지점,191664,451117,11440,11440700,202112
A,골목상권,2110800,영등포동성당,192059,446875,11560,11560535,202112
A,골목상권,2110807,신길역 3번,192409,446483,11560,11560535,202112
A,골목상권,2110283,성북초등학교앞,199913,454792,11290,11290525,202112
A,골목상권,2110792,영등포역 2번,191800,445840,11560,11560585,202112
A,골목상권,2110785,영등포푸르지오아파트,191531,445528,11560,11560585,202112
A,골목상권,2110458,선일여고,192348,457983,11380,11380552,202112
A,골목상권,2110675,화곡4동주민센터,187659,448589,11500,11500570,202112
A,골목상권,2110694,세곡초등학교,186544,445074,11530,11530730,202112
A,골목상권,2110696,오류동역 1번,186925,443858,11530,11530750,202112
A,골목상권,2110544,망리단길,191574,450619,11440,11440690,202112
A,골목상권,2110715,구로구민회관,190143,444196,11530,11530560,202112
A,골목상권,2110718,한국SGI본부,190341,444861,11530,11530560,202112
A,골목상권,2110733,금천어울림복지센터,190995,439856,11545,11545670,202112
A,골목상권,2110727,독산역 1번 출입구,190401,440546,11545,11545610,202112
A,골목상권,2110731,금천구청역 1번 출입구,190872,439518,11545,11545670,202112
A,골목상권,2110735,말미고개,191120,440427,11545,11545620,202112
A,골목상권,2110819,신대방역 4번,192141,443328,11590,11590670,202112
A,골목상권,2110495,북가좌2동주민센터,191981,453505,11410,11410720,202112
A,골목상권,2110496,모래내우체국,192228,453204,11410,11410720,202112
A,골목상권,2110549,새터산,191949,451873,11440,11440730,202112
A,골목상권,2110552,성미산체육관,192070,451590,11440,11440720,202112
A,골목상권,2110837,숭실대입구역 1번,195834,443992,11590,11590530,202112
A,골목상권,2110836,상도역 5번,195687,444798,11590,11590530,202112
A,골목상권,2110513,연희파출소,194121,452409,11410,11410615,202112
A,골목상권,2110892,관악구 중앙길,195700,442769,11620,11620615,202112
A,골목상권,2110896,관악우성아파트,196209,442985,11620,11620575,202112
A,골목상권,2110897,서울대입구역 8번,196277,442500,11620,11620575,202112
A,골목상권,2110485,연신내우체국,193727,457988,11380,11380530,202112
A,골목상권,2110916,내방역 4번,199322,442867,11650,11650600,202112
A,골목상권,2110464,연신내역 5번,192654,457520,11380,11380552,202112
A,골목상권,2110455,역촌노인복지관,192312,455957,11380,11380625,202112
A,골목상권,2110456,구산보건지소,192321,456492,11380,11380560,202112
A,골목상권,2110137,성수초등학교,205531,449554,11200,11200690,202112
A,골목상권,2110717,남구로역 2번,190198,442730,11530,11530595,202112
A,골목상권,2110622,달마을공원,188440,449561,11470,11470520,202112
A,골목상권,2110711,구로초등학교,189805,444110,11530,11530530,202112
A,골목상권,2110802,신길동홍어거리,192242,445642,11560,11560660,202112
A,골목상권,2110710,남구로역 3번,189752,443015,11530,11530530,202112
A,골목상권,2110712,남구로역 5번,189979,443083,11530,11530550,202112
A,골목상권,2110728,두산초등학교,190425,440904,11545,11545610,202112
A,골목상권,2110671,등촌1동주민센터,187564,450743,11500,11500520,202112
A,골목상권,2110676,등촌역 7번,187678,450062,11500,11500530,202112
A,골목상권,2110463,응암3동주민센터,192591,454708,11380,11380600,202112
A,골목상권,2110752,한울중학교,191838,440324,11545,11545700,202112
A,골목상권,2110766,대림역 5번,190821,444077,11560,11560720,202112
A,골목상권,2110744,독산동성당,191530,441261,11545,11545640,202112
A,골목상권,2110444,수색성당,191444,453259,11380,11380640,202112
A,골목상권,2110736,독산119안전센터,191223,441054,11545,11545640,202112
A,골목상권,2110737,금천세무서,191226,442025,11545,11545630,202112
A,골목상권,2110738,문성초등학교,191269,441555,11545,11545630,202112
A,골목상권,2110024,혜회동주민센터,200128,454192,11110,11110650,202112
A,골목상권,2110776,도신초등학교,191259,444487,11560,11560720,202112
A,골목상권,2110767,도림동주민센터,190867,445613,11560,11560585,202112
A,골목상권,2110546,양화대교북단,191663,450098,11440,11440680,202112
A,골목상권,2110550,합정역 8번,192000,450207,11440,11440680,202112
A,골목상권,2110803,신길2동우편취급국,192250,445943,11560,11560515,202112
A,골목상권,2110260,면목역 3번,207607,454505,11260,11260565,202112
A,골목상권,2110787,신길3동주민센터,191690,445266,11560,11560650,202112
A,골목상권,2110804,신풍역 1번,192282,444441,11560,11560680,202112
A,골목상권,2110812,신길6동주민센터,192712,444261,11560,11560680,202112
A,골목상권,2110781,대림한신아파트,191453,443929,11560,11560700,202112
A,골목상권,2110210,서울시립대,204773,453970,11230,11230560,202112
A,골목상권,2110789,대림성모병원,191715,443481,11560,11560700,202112
A,골목상권,2110855,신대방역 2번,192184,442761,11620,11620725,202112
A,골목상권,2110270,혜원여고,208593,454697,11260,11260660,202112
A,골목상권,2110014,경복고등학교,197468,453990,11110,11110515,202112
A,골목상권,2110778,구로디지털단지역 4번,191372,443227,11560,11560710,202112
A,골목상권,2110864,신림우방아파트,192929,443108,11620,11620685,202112
A,골목상권,2110468,응암역 3번,192810,455931,11380,11380625,202112
A,골목상권,2110459,응암역 2번,192381,455771,11380,11380625,202112
A,골목상권,2110448,상신초등학교입구,191822,455250,11380,11380632,202112
A,골목상권,2110450,시립서북병원,191924,456254,11380,11380560,202112
A,골목상권,2110453,신사1동주민센터,192273,455086,11380,11380631,202112
A,골목상권,2110891,구암초등학교,195408,443234,11620,11620565,202112
A,골목상권,2110506,연희임광아파트,193365,451792,11410,11410615,202112
A,골목상권,2110452,새절역 3번,192191,454486,11380,11380632,202112
A,골목상권,2110128,성원중학교,204404,448735,11200,11200650,202112
A,골목상권,2110512,연희지하차도,194105,453083,11410,11410615,202112
A,골목상권,2110519,서대문구보건소별관,194469,453985,11410,11410620,202112
A,골목상권,2110535,영천시장입구,196562,452145,11410,11410520,202112
A,골목상권,2110538,충정로역 3번,196884,451251,11410,11410565,202112
A,골목상권,2110012,성곡미술관,197253,452645,11110,11110530,202112
A,골목상권,2110016,평창동동측,197770,457073,11110,11110560,202112
A,골목상권,2110005,세검정,196655,455709,11110,11110550,202112
A,골목상권,2110451,증산역 4번,191994,454134,11380,11380640,202112
A,골목상권,2110130,답십리역 6번,204556,451703,11200,11200790,202112
A,골목상권,2110261,사가정역 4번,207804,453124,11260,11260570,202112
A,골목상권,2110309,대광초등학교,202181,453506,11290,11290600,202112
A,골목상권,2110018,중앙고등학교,198887,453657,11110,11110600,202112
A,골목상권,2110266,면목동우체국,208090,453719,11260,11260575,202112
A,골목상권,2110021,성균관대학교,199602,453931,11110,11110650,202112
A,골목상권,2110242,면목5동주민센터,206853,453906,11260,11260550,202112
A,골목상권,2110302,보문역 8번,201678,453772,11290,11290610,202112
A,골목상권,2110471,응암동우체국,192867,454656,11380,11380600,202112
A,골목상권,2110449,증산역 3번,191822,453737,11380,11380640,202112
A,골목상권,2110498,증산역 1번,192370,454061,11410,11410720,202112
A,골목상권,2110815,공군호텔,193098,445772,11560,11560630,202112
A,골목상권,2110820,성남고등학교,193235,445051,11590,11590660,202112
A,골목상권,2110817,대방역 4번,193201,446117,11560,11560630,202112
A,골목상권,2110824,대방역 3번,193539,445791,11590,11590660,202112
A,골목상권,2110558,경성고등학교,192522,451634,11440,11440720,202112
A,골목상권,2110509,연희대우아파트앞,193687,451171,11410,11410585,202112
A,골목상권,2110469,응암정보도서관,192831,454142,11380,11380600,202112
A,골목상권,2110503,명지대학교교회,193283,453702,11410,11410700,202112
A,골목상권,2110484,역촌역 3번,193564,456263,11380,11380510,202112
A,골목상권,2110490,녹번동근린공원,193971,456199,11380,11380510,202112
A,골목상권,2110473,구산역 1번,193065,457034,11380,11380570,202112
A,골목상권,2110472,연신내역 4번,193035,457366,11380,11380570,202112
A,골목상권,2110584,아현역 4번,195861,450841,11440,11440555,202112
A,골목상권,2110571,신수동주민센터,194387,449556,11440,11440630,202112
A,골목상권,2110480,연신내역 3번,193420,457553,11380,11380530,202112
A,골목상권,2110572,서강대역 1번,194408,450097,11440,11440630,202112
A,골목상권,2110829,장승배기역 5번,194527,445375,11590,11590520,202112
A,골목상권,2110847,예술인마을,197540,441991,11590,11590620,202112
A,골목상권,2110885,영락고등학교,194637,441834,11620,11620665,202112
A,골목상권,2110832,노량진초등학교,194893,445610,11590,11590510,202112
A,골목상권,2110830,상도초등학교,194624,444529,11590,11590560,202112
A,골목상권,2110827,NH농협은행 상도동지점,194206,444674,11590,11590560,202112
A,골목상권,2110877,신림역 8번,194060,443038,11620,11620695,202112
A,골목상권,2110589,애오개역 3번,196521,450404,11440,11440565,202112
A,골목상권,2110590,만리재,196666,450041,11440,11440565,202112
A,골목상권,2110873,당곡중학교,193788,443488,11620,11620525,202112
A,골목상권,2110879,신림현대아파트,194106,441571,11620,11620745,202112
A,골목상권,2110013,체부동홍종문가옥,197340,453208,11110,11110530,202112
A,골목상권,2110821,보라매역 2번,193236,444165,11590,11590680,202112
A,골목상권,2110886,관악해태어린이공원,194688,441429,11620,11620665,202112
A,골목상권,2110813,보라매역 6번,192847,444735,11560,11560690,202112
A,골목상권,2110810,영신초등학교,192653,445790,11560,11560630,202112
A,골목상권,2110528,서울여자간호대학교,195395,455085,11410,11410640,202112
A,골목상권,2110001,이북5도청사,196193,456641,11110,11110560,202112
A,골목상권,2110587,공덕동주민센터,196384,449929,11440,11440565,202112
A,골목상권,2110068,남영역 1번,197125,449021,11170,11170560,202112
A,골목상권,2110586,서울서부지방법원,196156,449941,11440,11440565,202112
A,골목상권,2110588,한겨레신문사,196462,449839,11440,11440565,202112
A,골목상권,2110840,중앙대학교,196344,445404,11590,11590605,202112
A,골목상권,2110060,효창공원앞역 6번,196350,448729,11170,11170590,202112
A,골목상권,2110533,충정로역 7번,196488,451121,11410,11410555,202112
A,골목상권,2110069,숙대입구,197160,449551,11170,11170555,202112
A,골목상권,2110846,남성역 1번,197382,442574,11590,11590650,202112
A,골목상권,2110848,양지어린이공원,197873,442449,11590,11590620,202112
A,골목상권,2110338,인수초등학교,200722,460283,11305,11305660,202112
A,골목상권,2110902,사당역 4번,197938,441600,11620,11620630,202112
A,골목상권,2110850,사당역 10번,198055,442220,11590,11590620,202112
A,골목상권,2110064,효창공원앞역 2번,196815,449177,11170,11170580,202112
A,골목상권,2110237,메가박스 상봉,206622,454649,11260,11260520,202112
A,골목상권,2110273,장스여성병원,208706,455687,11260,11260680,202112
A,골목상권,2110334,석관중앙교회,205510,456457,11290,11290810,202112
A,골목상권,2110445,덕산중학교,191752,455710,11380,11380631,202112
A,골목상권,2110265,망우역 1번,208083,455514,11260,11260580,202112
A,골목상권,2110486,은평구청,193792,455872,11380,11380510,202112
A,골목상권,2110333,돌곶이역 5번,205233,456776,11290,11290810,202112
A,골목상권,2110027,혜화역 1번,200498,453579,11110,11110640,202112
A,골목상권,2110313,안암역 3번,202623,453786,11290,11290600,202112
A,골목상권,2110017,정독도서관,198558,453794,11110,11110600,202112
A,골목상권,2110443,수색역 1번,190758,453856,11380,11380650,202112
A,골목상권,2110203,떡전교사거리,204293,453921,11230,11230705,202112
A,골목상권,2110252,장안제일시장,207235,453998,11260,11260550,202112
A,골목상권,2110521,홍제역 4번,194929,454332,11410,11410620,202112
A,골목상권,2110142,화양사거리,206022,449645,11215,11215710,202112
A,골목상권,2110215,회기역 1번,205173,454655,11230,11230720,202112
A,골목상권,2110006,부암동주민센터,196690,454764,11110,11110550,202112
A,골목상권,2110457,예일여고,192340,456920,11380,11380560,202112
A,골목상권,2110274,서일대학교,208729,454473,11260,11260575,202112
A,골목상권,2110197,세종대왕기념관교차로,203646,454556,11230,11230705,202112
A,골목상권,2110222,회기역 2번,205445,454574,11230,11230720,202112
A,골목상권,2110213,청량초등학교,204995,454829,11230,11230740,202112
A,골목상권,2110286,한성대입구역 5번,200304,454459,11290,11290525,202112
A,골목상권,2110841,중대부중,196764,444998,11590,11590605,202112
A,골목상권,2110063,효창공원앞역 5번,196760,448649,11170,11170590,202112
A,골목상권,2110061,효창동주민센터,196405,449194,11170,11170580,202112
A,골목상권,2110269,용마문화복지센터,208397,454269,11260,11260575,202112
A,골목상권,2110067,배문고등학교,197092,449934,11170,11170555,202112
A,골목상권,2110066,서울역 15번,197047,450416,11170,11170555,202112
A,골목상권,2110532,아현역 2번,196258,451099,11410,11410555,202112
A,골목상권,2110922,내방역 1번,199724,442959,11650,11650600,202112
A,골목상권,2110904,이수역 5번,198663,442777,11650,11650610,202112
A,골목상권,2110907,방배초등학교,198826,443131,11650,11650621,202112
A,골목상권,2110084,경리단길북측,199293,449146,11170,11170660,202112
A,골목상권,2110085,경리단길남측,199308,448771,11170,11170660,202112
A,골목상권,2110253,중곡초등학교,207302,452646,11260,11260540,202112
A,골목상권,2110031,창신역 1번,201277,453312,11110,11110690,202112
A,골목상권,2110081,해방촌 남동측,198753,449260,11170,11170520,202112
A,골목상권,2110080,해방촌예술마을,198515,449803,11170,11170510,202112
A,골목상권,2110079,후암동주민센터,198182,450110,11170,11170510,202112
A,골목상권,2110074,서울역 12번,197709,450154,11170,11170530,202112
A,골목상권,2110077,삼광초등학교,197907,449865,11170,11170510,202112
A,골목상권,2110849,이수역 10번,197967,442925,11590,11590640,202112
A,골목상권,2110292,정릉역 2번,200892,456108,11290,11290630,202112
A,골목상권,2110289,북한산보국문역 2번,200586,456622,11290,11290640,202112
A,골목상권,2110123,마장역 3번,203971,451818,11200,11200540,202112
A,골목상권,2110355,삼양사거리역 2번,201585,458010,11305,11305534,202112
A,골목상권,2110284,정릉북한산국립공원입구,200015,457667,11290,11290650,202112
A,골목상권,2110339,국립4.19민주묘지,200732,460778,11305,11305645,202112
A,골목상권,2110022,경신고등학교,200002,454382,11110,11110650,202112
A,골목상권,2110285,홍대부중,200134,454924,11290,11290525,202112
A,골목상권,2110135,성동세무서,205245,450043,11200,11200720,202112
A,골목상권,2110042,남산골공원옆,199579,450684,11140,11140570,202112
A,골목상권,2111047,마천1치안센터,213831,444095,11710,11710540,202112
A,골목상권,2110196,홍릉근린공원,203626,454236,11230,11230705,202112
A,골목상권,2110527,홍제역 2번,195293,454349,11410,11410640,202112
A,골목상권,2110277,러스크서울병원,209144,455415,11260,11260655,202112
A,골목상권,2110314,종암경찰서,202859,455748,11290,11290705,202112
A,골목상권,2110522,홍제역 3번,195043,454088,11410,11410620,202112
A,골목상권,2110263,면목역 1번,207946,454680,11260,11260565,202112
A,골목상권,2110516,정원여중,194198,453936,11410,11410685,202112
A,골목상권,2110199,홍릉시장,203789,453927,11230,11230545,202112
A,골목상권,2110228,장안근린공원,206142,452909,11230,11230660,202112
A,골목상권,2110632,방화역 3번,183219,452793,11500,11500630,202112
A,골목상권,2110493,북가좌초등학교,191677,452967,11410,11410710,202112
A,골목상권,2110201,전농119안전센터,204083,452940,11230,11230560,202112
A,골목상권,2110487,불광역 8번,193795,456921,11380,11380520,202112
A,골목상권,2110510,홍연시장,193853,452960,11410,11410615,202112
A,골목상권,2110035,동묘앞역 2번,201685,452915,11110,11110710,202112
A,골목상권,2110282,국민대학교앞,199776,456473,11290,11290640,202112
A,골목상권,2110428,상계5동주민센터,206302,462731,11350,11350670,202112
A,골목상권,2110399,창2동주민센터,203334,460338,11320,11320512,202112
A,골목상권,2110411,도봉역 3번,204065,464098,11320,11320522,202112
A,골목상권,2110441,영신여고,207417,461202,11350,11350619,202112
A,골목상권,2110255,상봉역 4번,207356,454899,11260,11260590,202112
A,골목상권,2110276,신내IC북측,208942,457645,11260,11260680,202112
A,골목상권,2110387,쌍문초등학교,202123,461224,11320,11320660,202112
A,골목상권,2110384,문이교,201465,462135,11320,11320660,202112
A,골목상권,2110247,먹골역 1번,207017,456734,11260,11260620,202112
A,골목상권,2110422,노원역 9번,205594,462160,11350,11350720,202112
A,골목상권,2110326,장위동성당,204219,456948,11290,11290760,202112
A,골목상권,2110324,월곡역 4번,204048,456028,11290,11290725,202112
A,골목상권,2110157,자양동우체국,207122,447819,11215,11215830,202112
A,골목상권,2110352,수유1동주민센터,201379,458928,11305,11305610,202112
A,골목상권,2110363,송천동주민센터,202001,457601,11305,11305555,202112
A,골목상권,2110370,도봉세무서,202357,457680,11305,11305555,202112
A,골목상권,2110002,독립문역 1번,196220,452889,11110,11110570,202112
A,골목상권,2110227,답십리공원,205918,452908,11230,11230610,202112
A,골목상권,2110642,정곡초등학교,183974,453172,11500,11500641,202112
A,골목상권,2110502,남가좌파출소,193180,452890,11410,11410700,202112
A,골목상권,2110028,이화달팽이길,200553,452950,11110,11110640,202112
A,골목상권,2110507,명지대학교,193402,453276,11410,11410685,202112
A,골목상권,2110033,창신역 4번,201463,453078,11110,11110700,202112
A,골목상권,2110254,오거리공원,207340,453056,11260,11260570,202112
A,골목상권,2110311,종암아이파크2차후문,202545,455422,11290,11290705,202112
A,골목상권,2110232,동대부고,206525,453061,11230,11230660,202112
A,골목상권,2110019,창덕궁,199254,452906,11110,11110615,202112
A,골목상권,2110257,상봉역 7번,207591,455533,11260,11260580,202112
A,골목상권,2110377,미아사거리역 3번,202927,456868,11305,11305545,202112
A,골목상권,2110214,경희대후문,204996,455294,11230,11230740,202112
A,골목상권,2110306,미아초등학교,201997,456513,11290,11290660,202112
A,골목상권,2110318,KT월곡지사,203134,456069,11290,11290715,202112
A,골목상권,2110531,홍지문,196221,455359,11110,11110550,202112
A,골목상권,2110470,신진과학기술고등학교,192867,455310,11380,11380580,202112
A,골목상권,2110037,신설동역 12번,201937,453178,11110,11110710,202112
A,골목상권,2110192,동의보감타워,203278,453061,11230,11230536,202112
A,골목상권,2110640,방화역 1번,183627,453188,11500,11500641,202112
A,골목상권,2110319,종암동주민센터,203222,455532,11290,11290705,202112
A,골목상권,2110354,삼각산119안전센터,201492,457780,11305,11305575,202112
A,골목상권,2110020,서울국제고등학교,199591,454394,11110,11110650,202112
A,골목상권,2110321,동덕여대,203648,456377,11290,11290715,202112
A,골목상권,2110447,구산초등학교,191810,457113,11380,11380560,202112
A,골목상권,2110996,대치2동주민센터,205642,444704,11680,11680610,202112
A,골목상권,2110299,정릉역 1번,201568,455793,11290,11290620,202112
A,골목상권,2110489,불광역 3번,193909,456379,11380,11380510,202112
A,골목상권,2110251,장안중학교,207234,455598,11260,11260600,202112
A,골목상권,2110478,응암1동주민센터,193373,455582,11380,11380580,202112
A,골목상권,2110308,길음역 8번,202176,456471,11290,11290685,202112
A,골목상권,2110278,망우본동주민센터,209216,455838,11260,11260655,202112
A,골목상권,2110335,석계역 7번,205653,457040,11290,11290810,202112
A,골목상권,2110336,석관고등학교,205679,456690,11290,11290810,202112
A,골목상권,2110440,상계3동4동주민센터,207390,463588,11350,11350665,202112
A,골목상권,2110112,행당역 2번,202760,451070,11200,11200560,202112
A,골목상권,2110466,구산역 2번,192755,456524,11380,11380625,202112
A,골목상권,2110250,화랑대역 7번,207211,457560,11260,11260620,202112
A,골목상권,2110432,대진고등학교,206540,459594,11350,11350611,202112
A,골목상권,2110442,화랑대철도공원,207945,458316,11350,11350600,202112
A,골목상권,2110414,장석교회,204627,458247,11350,11350560,202112
A,골목상권,2110010,평창동서측,197114,456650,11110,11110560,202112
A,골목상권,2110272,신내1동주민센터,208664,456261,11260,11260680,202112
A,골목상권,2110316,숭곡초등학교,202976,456493,11290,11290715,202112
A,골목상권,2110382,솔밭공원역 1번,201227,461829,11320,11320660,202112
A,골목상권,2110003,세검정초등학교,196362,456102,11110,11110550,202112
A,골목상권,2110477,은평세무서,193358,455947,11380,11380510,202112
A,골목상권,2110221,의릉,205387,456041,11290,11290810,202112
A,골목상권,2110310,길음역 10번,202334,456065,11290,11290715,202112
A,골목상권,2110417,월계역 3번,205091,459217,11350,11350570,202112
A,골목상권,2110462,갈현건영아파트,192566,458456,11380,11380551,202112
A,골목상권,2110953,학동근린공원,202416,446272,11680,11680521,202112
A,골목상권,2110429,공릉동 국수거리,206429,458004,11350,11350595,202112
A,골목상권,2110983,국립국악고등학교,204436,442033,11680,11680690,202112
A,골목상권,2110491,불광중학교,194165,458115,11380,11380530,202112
A,골목상권,2110420,광운대역 1번,205277,458017,11350,11350560,202112
A,골목상권,2110190,고대앞사거리,203006,453902,11230,11230545,202112
A,골목상권,2110301,성신여대입구역 7번,201644,455091,11290,11290575,202112
A,골목상권,2110329,우리은행체육관,204680,457432,11290,11290770,202112
A,골목상권,2110454,선정중학교,192305,457517,11380,11380552,202112
A,골목상권,2110105,금동어린이공원,202016,449959,11200,11200615,202112
A,골목상권,2110984,포이초등학교(개포목련어린이공원),204614,441586,11680,11680690,202112
A,골목상권,2110899,낙성대역 5번(관악중학교),196717,442215,11620,11620575,202112
A,골목상권,2110901,인헌고등학교(인헌중학교),197182,441397,11620,11620625,202112
A,골목상권,2110943,법제교육센터(버들어린이공원),204103,441556,11650,11650652,202112
A,골목상권,2110937,방아다리근린공원(횃불트리니티신학대학원대학교),203207,442079,11650,11650651,202112
A,골목상권,2110876,서원동주민센터(신관중학교),194019,442222,11620,11620645,202112
A,골목상권,2110920,방배역 2번(백석예술대학교),199691,442337,11650,11650620,202112
A,골목상권,2110913,방현초등학교(방배119안전센터),199124,441990,11650,11650620,202112
A,골목상권,2110732,가산초등학교(세일중학교),190902,441832,11545,11545610,202112
A,골목상권,2110893,관악소방서(문영여고),195803,441681,11620,11620595,202112
A,골목상권,2110900,낙성대역 1번(관악구민 종합체육센터),196751,441635,11620,11620625,202112
A,골목상권,2110328,상월곡역 3번,204452,456295,11290,11290725,202112
A,골목상권,2110371,삼양입구사거리,202432,457443,11305,11305555,202112
A,골목상권,2110481,불광역 7번,193494,456964,11380,11380570,202112
A,골목상권,2110368,송천초등학교,202200,457226,11305,11305555,202112
A,골목상권,2110424,상계초등학교,205947,462137,11350,11350640,202112
A,골목상권,2110374,송중초등학교,202704,457826,11305,11305545,202112
A,골목상권,2110479,연신내역 2번,193383,458088,11380,11380530,202112
A,골목상권,2110364,미아역 8번,202023,458655,11305,11305535,202112
A,골목상권,2110467,은평요양병원,192810,458392,11380,11380551,202112
A,골목상권,2110482,연신초등학교,193550,458484,11380,11380530,202112
A,골목상권,2110194,홍파초등학교,203542,453921,11230,11230545,202112
A,골목상권,2110433,공릉역 2번,206677,458342,11350,11350595,202112
A,골목상권,2110369,성신여대운정그린캠퍼스,202285,459239,11305,11305535,202112
A,골목상권,2110474,세명컴퓨터고등학교,193130,458398,11380,11380530,202112
A,골목상권,2110359,수유시장옆,201779,459923,11305,11305630,202112
A,골목상권,2110409,창동역 2번,203830,461720,11320,11320515,202112
A,골목상권,2110346,4.19민주묘지역 2번,201107,461134,11305,11305645,202112
A,골목상권,2110385,효문고등학교,201624,461665,11320,11320660,202112
A,골목상권,2110345,솔밭공원역 2번,201106,461990,11305,11305645,202112
A,골목상권,2110341,북한산우이역 2번,200816,462488,11305,11305645,202112
A,골목상권,2110349,화계역 2번,201288,459284,11305,11305610,202112
A,골목상권,2110344,화계중학교,201083,459229,11305,11305610,202112
A,골목상권,2110357,가오리역 1번,201636,460401,11305,11305620,202112
A,골목상권,2110426,상계2동주민센터,206133,461852,11350,11350640,202112
A,골목상권,2110404,신창초등학교,203562,459752,11320,11320513,202112
A,골목상권,2110348,강북문화예술회관,201283,460303,11305,11305660,202112
A,골목상권,2110492,하나고등학교,194572,460182,11380,11380690,202112
A,골목상권,2110525,홍은종합사회복지관,195155,455031,11410,11410660,202112
A,골목상권,2110366,광산사거리,202135,460441,11305,11305630,202112
A,골목상권,2110408,가인초등학교,203693,462142,11320,11320515,202112
A,골목상권,2110430,중계초등학교,206534,462033,11350,11350624,202112
A,골목상권,2110419,수락산디자인거리,205179,464186,11350,11350630,202112
A,골목상권,2110410,방학역 2번,203951,463290,11320,11320690,202112
A,골목상권,2110406,도봉산역 1번,203649,465590,11320,11320521,202112
A,골목상권,2110415,수락산역 4번,204672,464001,11350,11350630,202112
A,골목상권,2110403,방학1동주민센터,203501,462825,11320,11320690,202112
A,골목상권,2110413,누원고등학교,204231,464881,11320,11320522,202112
A,골목상권,2110392,발바닥공원,202851,462138,11320,11320681,202112
A,골목상권,2110425,계상초등학교,206058,462356,11350,11350670,202112
A,골목상권,2110431,상계역,206540,462369,11350,11350624,202112
A,골목상권,2110233,중랑역 1번,206525,455170,11260,11260610,202112
A,골목상권,2110220,외대앞역 1번,205372,455058,11230,11230740,202112
A,골목상권,2110378,송중동주민센터,203061,457214,11305,11305545,202112
A,골목상권,2110568,광흥창역 1번,193914,449957,11440,11440655,202112
A,골목상권,2110574,서강대학교,194670,449973,11440,11440600,202112
A,골목상권,2110138,송정체육공원,205916,450185,11200,11200720,202112
A,골목상권,2110865,남강고등학교(남강중학교),192962,441548,11620,11620775,202112
A,골목상권,2110942,염곡동 구룡사(포이동성당),204089,441120,11650,11650652,202112
A,골목상권,2111001,아래방죽마을공원(율현초등학교),209670,441375,11680,11680700,202112
A,골목상권,2110940,양재근린공원(양재2동주민센터),203592,441374,11650,11650652,202112
A,골목상권,2110862,난곡초등학교(난곡동벽화마을),192766,441381,11620,11620775,202112
A,골목상권,2110898,청림동주민센터(상도중학교),196342,443500,11620,11620545,202112
A,골목상권,2111042,거여역 1번(거여공원),212708,444164,11710,11710531,202112
A,골목상권,2110407,도봉역 2번,203649,463994,11320,11320521,202112
A,골목상권,2110163,성자초등학교,207468,447906,11215,11215830,202112
A,골목상권,2110416,노원초등학교,205063,463676,11350,11350630,202112
A,골목상권,2110418,광운대학교 남단,205112,457571,11350,11350560,202112
A,골목상권,2110124,뚝섬역교차로,204030,450038,11200,11200660,202112
A,골목상권,2110230,장안현대홈타운1차아파트,206287,452213,11230,11230660,202112
A,골목상권,2110241,먹골역 5번,206828,456519,11260,11260630,202112
A,골목상권,2110239,중랑역 2번,206751,455191,11260,11260610,202112
A,골목상권,2110322,장위1동주민센터,203690,457337,11290,11290760,202112
A,골목상권,2110327,상월곡역 2번,204424,456586,11290,11290770,202112
A,골목상권,2111031,장지동주민센터(한림연예예술고교),211529,442962,11710,11710646,202112
A,골목상권,2111050,강동구청(강동구청역 2번),210995,447915,11740,11740640,202112
A,골목상권,2110062,한강로동땡땡거리(은행나무길),196626,447338,11170,11170625,202112
A,골목상권,2110562,연트럴파크(연남동주민센터),193253,451565,11440,11440710,202112
A,골목상권,2110007,사직공원(한국사회과학도서관),196908,452677,11110,11110530,202112
A,골목상권,2111024,경찰병원역 4번(건너말공원),210924,443683,11710,11710620,202112
A,골목상권,2110008,배화여자대학교(박노수미술관),197028,453339,11110,11110515,202112
A,골목상권,2110202,전농1동주민센터(전농시장),204165,453094,11230,11230560,202112
A,골목상권,2110421,석계역 1번,205493,457389,11350,11350560,202112
A,골목상권,2110680,온수역 5번(온수산업단지),183987,443846,11530,11530790,202112
A,골목상권,2110875,보라매동주민센터(당곡고등학교),193993,443289,11620,11620525,202112
A,골목상권,2110884,봉천역 4번(봉천110안전센터),194616,442850,11620,11620605,202112
A,골목상권,2110707,구로창업지원센터,189311,445605,11530,11530510,202112
A,골목상권,2110108,성동구립금호도서관,202251,450501,11200,11200590,202112
A,골목상권,2110281,길상사,199401,455323,11290,11290525,202112
A,골목상권,2110515,홍은중학교,194169,454794,11410,11410685,202112
A,골목상권,2110280,북정마을,199227,454895,11290,11290525,202112
A,골목상권,2110529,홍제3동주민센터,195427,454777,11410,11410640,202112
A,골목상권,2110317,종암중학교,203006,454891,11290,11290705,202112
A,골목상권,2110009,자하문터널,197067,455076,11110,11110550,202112
A,골목상권,2110883,은천초등학교(은천교앞),194421,443119,11620,11620525,202112
A,골목상권,2111057,천호공원(해공체육문화센터),211484,449288,11740,11740610,202112
A,골목상권,2110769,대림차이나타운(대림역 12번),190899,443520,11560,11560710,202112
A,골목상권,2110851,경문고등학교(동작동성당),198191,443561,11590,11590630,202112
A,골목상권,2110860,호림박물관(성보고등학교),192717,442433,11620,11620765,202112
A,골목상권,2110867,국제신학대학원대학교(남서울중학교),193202,442514,11620,11620655,202112
A,골목상권,2110905,방배노인종합복지관(이수중학교),198753,442493,11650,11650610,202112
A,골목상권,2111028,문현중학교(장지역 1번),211262,442462,11710,11710646,202112
A,골목상권,2110894,관악동부센트레빌아파트(은천로35라길),195896,443153,11620,11620565,202112
A,골목상권,2110113,응봉산,202772,449975,11200,11200580,202112
A,골목상권,2110583,공덕래미안3차아파트,195798,449942,11440,11440555,202112
A,골목상권,2110679,염창역 2번,189148,449882,11500,11500510,202112
A,골목상권,2111075,굽은다리역 2번,212472,449926,11740,11740600,202112
A,골목상권,2110178,장로회신학대학교,209113,449912,11215,11215810,202112
A,골목상권,2111086,한영중고,213641,449810,11740,11740540,202112
A,골목상권,2110172,광진초등학교,207923,449737,11215,11215860,202112
A,골목상권,2110578,대흥역 2번,195108,449882,11440,11440610,202112
A,골목상권,2110405,방학역 1번,203587,463275,11320,11320690,202112
A,골목상권,2110939,양재역 8번(양재동우체국),203491,442510,11650,11650651,202112
A,골목상권,2110924,반포4동주민센터(몽마르뜨공원),200058,444098,11650,11650581,202112
A,골목상권,2111022,석촌중학교(방이육교),210846,444716,11710,11710620,202112
A,골목상권,2110822,신대방삼거리역 4번(대림초등학교),193486,444708,11590,11590660,202112
A,골목상권,2110801,신풍역 6번(신길6동공영주차장),192138,444743,11560,11560680,202112
A,골목상권,2111035,오금공원(오주중학교),211925,444846,11710,11710570,202112
A,골목상권,2111046,마천역(마천초등학교),213376,444049,11710,11710540,202112
A,골목상권,2110117,성동구보건소,203108,451975,11200,11200540,202112
A,골목상권,2110046,버티고개,200540,450224,11140,11140625,202112
A,골목상권,2111074,명일역 1번,212391,450217,11740,11740570,202112
A,골목상권,2110930,서초동성당,201859,443701,11650,11650510,202112
A,골목상권,2110934,우면주공아파트,202306,441283,11650,11650651,202112
A,골목상권,2110929,남부터미널역 1번,201805,443240,11650,11650510,202112
A,골목상권,2110928,서초우방유쉘아파트,201040,443278,11650,11650530,202112
A,골목상권,2110927,잠원역,201007,445921,11650,11650540,202112
A,골목상권,2110048,장충동주민센터,200750,451278,11140,11140580,202112
A,골목상권,2111052,암사역 3번(천호동자전거거리),211037,449881,11740,11740610,202112
A,골목상권,2111089,상일여고(상일초등학교),215084,449883,11740,11740520,202112
A,골목상권,2110743,시흥초등학교(시흥1동우체국),191514,439553,11545,11545670,202112
A,골목상권,2110396,쌍문역1번(쌍리단길),203217,460970,11320,11320511,202112
A,골목상권,2110291,한성대입구역 3번,200865,454031,11290,11290555,202112
A,골목상권,2110029,동대문역 1번,200985,452948,11110,11110680,202112
A,골목상권,2110293,삼선중학교,200940,454644,11290,11290555,202112
A,골목상권,2110296,성신여대입구역 4번,201217,455085,11290,11290575,202112
A,골목상권,2110295,정릉우체국,201106,456375,11290,11290630,202112
A,골목상권,2110188,용두동신동아아파트,202904,452487,11230,11230536,202112
A,골목상권,2110191,고려대역 6번,203174,454294,11230,11230545,202112
A,골목상권,2110187,제기동역 6번,202870,452945,11230,11230536,202112
A,골목상권,2110390,방학초등학교,202791,462604,11320,11320700,202112
A,골목상권,2110391,샘말어린이공원,202805,463240,11320,11320700,202112
A,골목상권,2110400,도봉구보건소,203438,462133,11320,11320670,202112
A,골목상권,2110380,강북문화정보도서관,203207,458632,11305,11305600,202112
A,골목상권,2110290,북한산보국문역 1번,200783,457110,11290,11290650,202112
A,골목상권,2110746,금천금빛공원(은행나무사거리서측),191540,439163,11545,11545670,202112
A,골목상권,2111018,풍납초등학교(풍납백제문화공원),210306,448570,11710,11710510,202112
A,골목상권,2111054,암사역 4번(삼성광나루아파트),211335,450472,11740,11740580,202112
A,골목상권,2111000,대왕초등학교(세곡동사거리서남측),209446,440477,11680,11680700,202112
A,골목상권,2110978,도곡2동주민센터(대치중학교),204152,442660,11680,11680656,202112
A,골목상권,2111073,둔촌동역 1번(한산중학교),212381,447957,11740,11740700,202112
A,골목상권,2111079,둔촌고등학교(둔촌중학교),212788,447914,11740,11740700,202112
A,골목상권,2111053,성내천어린이공원(하니사랑길),211051,447433,11740,11740640,202112
A,골목상권,2111062,둔촌동역 3번(성내3동주민센터),211648,447210,11740,11740660,202112
A,골목상권,2111049,천호지구대(천호동자전거거리),210910,449354,11740,11740610,202112
A,골목상권,2111048,천호역 1번(천호문구완구거리),210703,449041,11740,11740610,202112
A,골목상권,2111059,강동역 4번(강풀만화거리),211505,448253,11740,11740650,202112
A,골목상권,2111077,길동주민센터(강동도서관),212665,448658,11740,11740685,202112
A,골목상권,2110294,서경대학교,201084,456806,11290,11290650,202112
A,골목상권,2110351,수유북부시장옆,201351,459605,11305,11305660,202112
A,골목상권,2110350,가오리역 2번,201299,459936,11305,11305660,202112
A,골목상권,2110375,서울북부고용노동지청,202771,459383,11305,11305600,202112
A,골목상권,2110367,강북구청,202140,460131,11305,11305630,202112
A,골목상권,2110365,미아역 5번,202066,458220,11305,11305535,202112
A,골목상권,2110360,수유초등학교,201802,459174,11305,11305610,202112
A,골목상권,2110307,길음역 7번,202062,456102,11290,11290660,202112
A,골목상권,2110361,삼양사거리역 1번,201933,457932,11305,11305555,202112
A,골목상권,2110300,삼선동주민센터,201642,454403,11290,11290600,202112
A,골목상권,2110303,성신여대입구역 1번,201872,454953,11290,11290575,202112
A,골목상권,2110304,보문역 4번,201907,454160,11290,11290600,202112
A,골목상권,2110297,경동고등학교,201222,454308,11290,11290555,202112
A,골목상권,2110181,신설동역 9번,202386,452501,11230,11230536,202112
A,골목상권,2110182,용두희망어린이공원,202387,453434,11230,11230536,202112
A,골목상권,2110056,신당역 3번,201878,451446,11140,11140650,202112
A,골목상권,2110402,도봉구 정병원,203488,462449,11320,11320690,202112
A,골목상권,2110325,장곡초등학교,204064,457493,11290,11290760,202112
A,골목상권,2110315,종암아이파크2차,202910,455279,11290,11290705,202112
A,골목상권,2110372,강북중학교,202498,460400,11305,11305630,202112
A,골목상권,2110376,수송초등학교,202836,460016,11305,11305590,202112
A,골목상권,2110323,상월곡역 1번,203931,456270,11290,11290725,202112
A,골목상권,2110971,선정릉역 4번,203768,445306,11680,11680640,202112
A,골목상권,2110394,방학중학교,203125,462964,11320,11320700,202112
A,골목상권,2110356,덕수교,201628,460958,11305,11305620,202112
A,골목상권,2110397,도봉산입구,203219,464808,11320,11320521,202112
A,골목상권,2110362,우이천 계성교,201979,460753,11305,11305620,202112
A,골목상권,2110358,인수동 우편취급국,201750,459623,11305,11305630,202112
A,골목상권,2110353,수유동우체국,201429,460723,11305,11305620,202112
A,골목상권,2110980,개포지구대옆,204264,442377,11680,11680690,202112
A,골목상권,2110955,논현초등학교,202593,445514,11680,11680521,202112
A,골목상권,2110958,역삼역 4번,202861,444863,11680,11680640,202112
A,골목상권,2110957,언북중학교,202799,446480,11680,11680531,202112
A,골목상권,2110116,청계천박물관,203101,452319,11200,11200540,202112
A,골목상권,2110869,"신림역 5번(신림동주민센터, 신림동별빛거리)",193369,443055,11620,11620695,202112
A,골목상권,2110235,세화어린이공원,206596,455444,11260,11260610,202112
A,골목상권,2111034,오동나무공원(송파레미니스1단지),211869,445252,11710,11710570,202112
A,골목상권,2111013,송파나루역 1번(송리단길),209566,445524,11710,11710580,202112
A,골목상권,2110909,남태령역(서울전자고등학교),199017,440781,11650,11650610,202112
A,골목상권,2110759,문래예술촌(문래창작촌),190429,446173,11560,11560605,202112
A,골목상권,2111060,암사역 2번(서울강동초등학교),211507,449726,11740,11740610,202112
A,골목상권,2111087,고덕중학교(고덕2동주민센터),214402,451343,11740,11740560,202112
A,골목상권,2111066,암사동성당(효정하나플러스아파트),211910,449973,11740,11740570,202112
A,골목상권,2110945,본마을노인복지센터(서초구립내곡도서관),204670,439502,11650,11650660,202112
A,골목상권,2110931,삼성전자서울R&D(서울우면초등학교),201863,440734,11650,11650651,202112
A,골목상권,2111085,묘곡초등학교(고덕아이파크아파트),213564,451273,11740,11740550,202112
A,골목상권,2110726,금천철쭉어린이공원(금하마을),190328,439340,11545,11545610,202112
A,골목상권,2111072,굽은다리역 1번(십자성마을),212310,449303,11740,11740600,202112
A,골목상권,2110754,삼성산자연공원(서울금천초등학교),192050,439277,11545,11545710,202112
A,골목상권,2110750,시흥4동주민센터(서울신흥초등학교),191761,439797,11545,11545700,202112
A,골목상권,2110936,더케이호텔(양재리본타워2단지아파트),203119,440694,11650,11650652,202112
A,골목상권,2110742,KT금천빌딩(금천구시설관리공단),191402,438645,11545,11545670,202112
A,골목상권,2110947,청계산입구역 2번(내곡동주민센터),205200,438615,11650,11650660,202112
A,골목상권,2110749,금산초등학교(금천고등학교),191635,438039,11545,11545690,202112
A,골목상권,2110730,서울축산농협 독산역지점(독산파출소),190682,440601,11545,11545610,202112
A,골목상권,2110998,은곡마을(은곡마을공원),208683,440814,11680,11680700,202112
A,골목상권,2110881,구립대학경로당(관악산샘말공원),194346,440875,11620,11620735,202112
A,골목상권,2110874,원신초등학교(구세군관악영문교회),193876,440959,11620,11620745,202112
A,골목상권,2110887,서울산업정보학교(서울삼성초등학교),194791,441118,11620,11620735,202112
A,골목상권,2110944,서울나래학교(염곡어린이공원),204541,440378,11650,11650660,202112
A,골목상권,2110870,신림주공2단지(광신고등학교),193498,440459,11620,11620745,202112
D,발달상권,2120234,가락시장역,210458,443967,11710,11710620,202112
D,발달상권,2120175,남부터미널역,201601,442843,11650,11650510,202112
D,발달상권,2120137,문래역(문래로데오거리),190840,446506,11560,11560605,202112
D,발달상권,2120035,퇴계로5가,200193,451556,11140,11140590,202112
D,발달상권,2120073,미아사거리,202532,456473,11290,11290715,202112
D,발달상권,2120010,원남동사거리,199795,452841,11110,11110615,202112
D,발달상권,2120013,이화사거리,200141,452868,11110,11110640,202112
D,발달상권,2120196,서울세관,203125,446192,11680,11680531,202112
D,발달상권,2120203,강남구청역,203588,446321,11680,11680531,202112
D,발달상권,2120143,당산역,191298,448337,11560,11560560,202112
D,발달상권,2120127,구로구청,190329,444187,11530,11530560,202112
D,발달상권,2120150,63빌딩,194646,446701,11560,11560540,202112
D,발달상권,2120008,인사동,198702,452694,11110,11110615,202112
D,발달상권,2120021,시청역_8번,197721,451370,11140,11140520,202112
D,발달상권,2120006,종각역,198542,452311,11110,11110615,202112
D,발달상권,2120118,마곡역(마곡),184695,451172,11500,11500603,202112
D,발달상권,2120100,망원역,192131,450679,11440,11440660,202112
D,발달상권,2120111,목동사거리,187899,448271,11500,11500570,202112
D,발달상권,2120075,월곡역,203773,455951,11290,11290725,202112
D,발달상권,2120198,구역삼세무서,203312,443991,11680,11680640,202112
D,발달상권,2120045,남영동 먹자골목,197640,449258,11170,11170530,202112
D,발달상권,2120147,보라매역,193042,444314,11590,11590660,202112
D,발달상권,2120061,올림픽대교북단,208468,449149,11215,11215870,202112
D,발달상권,2120056,구의역,207558,448641,11215,11215850,202112
D,발달상권,2120029,을지로2가,198751,451719,11140,11140550,202112
D,발달상권,2120048,금호역,201734,449893,11200,11200620,202112
D,발달상권,2120174,논현역 5번,201472,445871,11650,11650540,202112
D,발달상권,2120071,성북구청,201379,454429,11290,11290555,202112
D,발달상권,2120162,방배동카페골목,198748,444076,11650,11650590,202112
D,발달상권,2120057,아차산역,207833,450255,11215,11215780,202112
D,발달상권,2120146,한강성심병원,192074,446989,11560,11560535,202112
D,발달상권,2120095,홍제역,195105,454290,11410,11410620,202112
D,발달상권,2120176,논현역 4번,201679,445426,11650,11650560,202112
D,발달상권,2120154,장승배기역,194819,444980,11590,11590540,202112
D,발달상권,2120179,양재역,202950,442711,11650,11650520,202112
D,발달상권,2120113,오목교역,188866,447141,11470,11470510,202112
D,발달상권,2120089,구파발역,192888,459794,11380,11380690,202112
D,발달상권,2120058,구의사거리,207834,449499,11215,11215850,202112
D,발달상권,2120019,경찰청앞교차로,197336,451514,11140,11140520,202112
D,발달상권,2120139,대림3동사거리,190912,444502,11560,11560720,202112
D,발달상권,2120082,상계백병원,205515,460932,11350,11350695,202112
D,발달상권,2120248,명일역,212812,450206,11740,11740530,202112
D,발달상권,2120134,구로전화국,191687,442231,11545,11545630,202112
D,발달상권,2120241,거여역,212873,443800,11710,11710532,202112
D,발달상권,2120023,서울시청,198027,452010,11140,11140550,202112
D,발달상권,2120067,장안동사거리,206310,452484,11230,11230660,202112
D,발달상권,2120044,삼각지역,197624,448256,11170,11170625,202112
D,발달상권,2120168,서울고교교차로,200416,442503,11650,11650530,202112
D,발달상권,2120235,문정역,210530,442870,11710,11710642,202112
D,발달상권,2120124,개봉동 현대아파트,187256,443365,11530,11530760,202112
D,발달상권,2120189,강남역,202474,444281,11650,11650520,202112
D,발달상권,2120080,마들역,205069,462922,11350,11350710,202112
D,발달상권,2120144,영중로,191596,447521,11560,11560535,202112
D,발달상권,2120206,개나리아파트,203903,444198,11680,11680650,202112
D,발달상권,2120009,종로3가역,199198,452580,11110,11110615,202112
D,발달상권,2120215,포스코사거리,204984,445257,11680,11680590,202112
D,발달상권,2120207,선정릉역,204015,445771,11680,11680590,202112
D,발달상권,2120178,신사역,201811,446259,11650,11650540,202112
D,발달상권,2120017,동묘앞역(동묘),201318,452606,11110,11110670,202112
D,발달상권,2120042,"숙대입구역(남영역, 남영동)",197522,449226,11170,11170530,202112
D,발달상권,2120074,안암역,202608,454027,11290,11290600,202112
D,발달상권,2120180,양재화물트럭터미널앞,203283,440549,11650,11650652,202112
D,발달상권,2120164,내방역,199492,443192,11650,11650621,202112
D,발달상권,2120199,경복아파트교차로,203439,445451,11680,11680640,202112
D,발달상권,2120170,삼호가든사거리,200967,444745,11650,11650581,202112
D,발달상권,2120088,구산역,192655,456922,11380,11380552,202112
D,발달상권,2120218,코엑스,205224,445843,11680,11680580,202112
D,발달상권,2120018,중림동,197214,451056,11140,11140680,202112
D,발달상권,2120079,창동역,204240,461461,11320,11320514,202112
D,발달상권,2120129,구로디지털단지,190745,442733,11530,11530540,202112
D,발달상권,2120052,성수역,205054,449481,11200,11200690,202112
D,발달상권,2120171,서초3동사거리,201060,442541,11650,11650530,202112
D,발달상권,2120047,한남오거리,200660,448135,11170,11170685,202112
D,발달상권,2120136,영등포구청역,190715,447360,11560,11560550,202112
D,발달상권,2120055,군자역,207020,450892,11215,11215730,202112
D,발달상권,2120205,매봉역,203857,442719,11680,11680656,202112
D,발달상권,2120185,논현역,201955,445691,11680,11680521,202112
D,발달상권,2120246,길동역,212246,448656,11740,11740685,202112
D,발달상권,2120142,대림역,190966,443842,11560,11560720,202112
D,발달상권,2120081,노원역,205512,461799,11350,11350640,202112
D,발달상권,2120016,동대문역,201043,452404,11110,11110670,202112
D,발달상권,2120070,한성대입구역,200734,454416,11290,11290555,202112
D,발달상권,2120004,종로구청,198298,452713,11110,11110615,202112
D,발달상권,2120086,태릉입구역,206843,457720,11350,11350595,202112
D,발달상권,2120117,강서농산물도매시장,184141,450453,11500,11500611,202112
D,발달상권,2120077,미아역,202290,458453,11305,11305535,202112
D,발달상권,2120097,충정로역,196777,451248,11410,11410565,202112
D,발달상권,2120231,가락시장,209832,443836,11710,11710631,202112
D,발달상권,2120068,사가정역,207771,453547,11260,11260575,202112
D,발달상권,2120001,서대문역,197009,451914,11110,11110580,202112
D,발달상권,2120085,은행사거리,206770,461152,11350,11350619,202112
D,발달상권,2120135,양평역,190174,447327,11560,11560610,202112
D,발달상권,2120141,영등포청과시장교차로,190964,446866,11560,11560550,202112
D,발달상권,2120224,수서역,209095,443156,11680,11680750,202112
D,발달상권,2120169,서초역,200726,443587,11650,11650530,202112
D,발달상권,2120011,종로4가,199810,452386,11110,11110615,202112
D,발달상권,2120092,불광역,193753,456582,11380,11380570,202112
D,발달상권,2120211,도성초등학교,204652,444566,11680,11680630,202112
D,발달상권,2120214,영동대교남단교차로,204834,447198,11680,11680565,202112
D,발달상권,2120015,종로6가,200640,452542,11110,11110630,202112
D,발달상권,2120249,고덕역,213669,450457,11740,11740540,202112
D,발달상권,2120083,등나무근린공원,205864,460037,11350,11350625,202112
D,발달상권,2120116,송정역,183151,451344,11500,11500620,202112
D,발달상권,2120020,시청역_1번,197716,451588,11140,11140520,202112
D,발달상권,2120050,서울숲역,204129,449171,11200,11200650,202112
D,발달상권,2120024,회현역,198140,450866,11140,11140540,202112
D,발달상권,2120239,오금역,211152,444731,11710,11710620,202112
D,발달상권,2120177,신논현역 1번,201765,445104,11650,11650560,202112
D,발달상권,2120026,을지로입구역,198557,452008,11140,11140550,202112
D,발달상권,2120087,응암역,192611,455472,11380,11380631,202112
D,발달상권,2120140,문래동주민센터,190948,446306,11560,11560605,202112
D,발달상권,2120210,선릉역,204334,445014,11680,11680590,202112
D,발달상권,2120037,동대문역사문화공원역,200665,451754,11140,11140590,202112
D,발달상권,2120039,신당역,201357,451717,11140,11140615,202112
D,발달상권,2120195,성수대교남단,203013,447534,11680,11680545,202112
D,발달상권,2120222,삼성역,205549,445536,11680,11680610,202112
D,발달상권,2120243,천호역,211174,448779,11740,11740610,202112
D,발달상권,2120229,방이동먹자골목,209675,446098,11710,11710562,202112
D,발달상권,2120145,영등포역(영등포),191749,446587,11560,11560535,202112
D,발달상권,2120238,방이역,211054,445509,11710,11710561,202112
D,발달상권,2120028,명동(명동거리),198609,451522,11140,11140550,202112
D,발달상권,2120130,구로디지털단지역,191270,442601,11530,11530540,202112
D,발달상권,2120221,봉은사역,205487,446152,11680,11680580,202112
D,발달상권,2120193,도산공원교차로,202968,446869,11680,11680545,202112
D,발달상권,2120106,마포역,195244,448851,11440,11440590,202112
D,발달상권,2120054,어린이대공원역,206495,449801,11215,11215710,202112
D,발달상권,2120187,신논현역,202266,445056,11680,11680521,202112
D,발달상권,2120151,보라매공원,193389,443527,11590,11590680,202112
D,발달상권,2120043,서울역,197590,450591,11140,11140540,202112
D,발달상권,2120123,오류동역,186308,444024,11530,11530770,202112
D,발달상권,2120036,장충동족발거리(남소영길),200501,451166,11140,11140580,202112
D,발달상권,2120032,충무로역,199577,451324,11140,11140570,202112
D,발달상권,2120244,암사역,211288,450226,11740,11740580,202112
D,발달상권,2120128,신도림역,190340,445405,11530,11530560,202112
D,발달상권,2120063,청량리역(청량리),204170,453536,11230,11230560,202112
D,발달상권,2120012,대학로(혜화역),200102,453717,11110,11110650,202112
D,발달상권,2120007,북촌(안국역),198693,453355,11110,11110600,202112
D,발달상권,2120022,북창동(시청역_6번),198006,451522,11140,11140520,202112
D,발달상권,2120103,홍대입구역(홍대),193112,450387,11440,11440660,202112
D,발달상권,2120138,당산2동(영등포우체국),190879,447814,11560,11560560,202112
D,발달상권,2120202,압구정로데오역(압구정로데오),203552,447483,11680,11680545,202112
D,발달상권,2120186,가로수길,201997,446820,11680,11680510,202112
D,발달상권,2120109,서울남부지방법원,187677,446890,11470,11470620,202112
D,발달상권,2120197,역삼역,203197,444543,11680,11680640,202112
D,발달상권,2120133,서울시흥동우체국(홈플러스시흥점),191300,439286,11545,11545670,202112
D,발달상권,2120152,신대방삼거리역,193563,444469,11590,11590660,202112
D,발달상권,2120062,신설동역,202105,452848,11230,11230536,202112
D,발달상권,2120003,광화문역,197731,452507,11110,11110530,202112
D,발달상권,2120040,용산전자상가(용산역),196566,448200,11170,11170570,202112
D,발달상권,2120217,대치사거리,205119,444861,11680,11680630,202112
D,발달상권,2120155,총신대학교,196869,443223,11590,11590651,202112
D,발달상권,2120120,화곡역,185752,449080,11500,11500540,202112
D,발달상권,2120066,장한평역(장한평),205638,451425,11230,11230650,202112
D,발달상권,2120112,등촌역,188078,450164,11470,11470530,202112
D,발달상권,2120236,장지역(가든파이브),210822,442113,11710,11710642,202112
D,발달상권,2120041,신용산역(용산역),196762,447604,11170,11170625,202112
D,발달상권,2120030,중부경찰서(영화인의거리),199148,451426,11140,11140550,202112
D,발달상권,2120107,공덕역(공덕오거리),195765,449397,11440,11440565,202112
D,발달상권,2120076,수유역,202185,459795,11305,11305630,202112
D,발달상권,2120072,성신여대,201490,454779,11290,11290575,202112
D,발달상권,2120183,양재천카페거리,203868,442324,11650,11650651,202112
D,발달상권,2120212,한티역,204753,444195,11680,11680630,202112
D,발달상권,2120192,뱅뱅사거리,202741,443426,11680,11680640,202112
D,발달상권,2120069,상봉역,207778,455175,11260,11260590,202112
D,발달상권,2120046,이태원(이태원역),199527,448393,11170,11170650,202112
D,발달상권,2120153,노량진역(노량진),194801,446052,11590,11590510,202112
D,발달상권,2120034,중구청(퇴계로4가),199857,451560,11140,11140590,202112
D,발달상권,2120053,건대입구역(건대),206139,449073,11215,11215710,202112
D,발달상권,2120049,왕십리역(왕십리),203314,451375,11200,11200560,202112
D,발달상권,2120165,서래마을카페거리(서래마을),199790,444256,11650,11650581,202112
D,발달상권,2120163,사당역 11번(사당역먹자골목),198821,442196,11650,11650610,202112
D,발달상권,2120114,목동신시가지,189187,448093,11470,11470550,202112
D,발달상권,2120065,회기역,205137,454445,11230,11230720,202112
D,발달상권,2120166,방배역,199793,442418,11650,11650600,202112
D,발달상권,2120247,굽은다리역,212576,449566,11740,11740600,202112
D,발달상권,2120245,둔촌역,211927,447436,11740,11740660,202112
D,발달상권,2120121,까치산역,186535,447858,11500,11500540,202112
D,발달상권,2120219,은마아파트,205344,444397,11680,11680630,202112
D,발달상권,2120098,DMC(디지털미디어시티),190279,453334,11440,11440740,202112
D,발달상권,2120102,서교동(홍대),192680,450623,11440,11440660,202112
D,발달상권,2120160,사당역(사당),198454,441856,11650,11650610,202112
D,발달상권,2120149,여의도역(여의도),193379,447071,11560,11560540,202112
D,발달상권,2120184,포이사거리(삼호물산),204050,441977,11650,11650652,202112
D,발달상권,2120002,서촌(경복궁역),197453,453347,11110,11110530,202112
D,발달상권,2120228,석촌역(석촌호수),209331,445222,11710,11710580,202112
D,발달상권,2120125,구로역,189264,444734,11530,11530530,202112
D,발달상권,2120204,르네상스호텔사거리,203794,444815,11680,11680640,202112
D,발달상권,2120091,본서부병원,193116,455711,11380,11380580,202112
D,발달상권,2120122,강서구청,186807,450214,11500,11500591,202112
D,발달상권,2120200,학동사거리,203484,447046,11680,11680545,202112
D,발달상권,2120172,교대입구교차로,201120,443151,11650,11650530,202112
D,발달상권,2120158,녹두거리(대학동),194434,441204,11620,11620735,202112
D,발달상권,2120225,잠실새내역(신천),207356,445640,11710,11710650,202112
D,발달상권,2120148,국회의사당역(국회의사당),193051,447646,11560,11560540,202112
D,발달상권,2120099,월드컵경기장역(월드컵경기장),190866,452258,11440,11440730,202112
D,발달상권,2120190,강남을지병원,202499,446700,11680,11680545,202112
D,발달상권,2120132,독산동,190603,441310,11545,11545610,202112
D,발달상권,2120188,압구정역,202455,447347,11680,11680510,202112
D,발달상권,2120242,강동구청역,210906,447815,11740,11740640,202112
D,발달상권,2120213,삼성중앙역,204754,445856,11680,11680590,202112
D,발달상권,2120093,연희동,193807,451949,11410,11410615,202112
D,발달상권,2120108,신정네거리역,187013,446896,11470,11470650,202112
D,발달상권,2120110,목동역 8번출구,187688,447374,11470,11470650,202112
D,발달상권,2120090,연신내역,193116,457736,11380,11380530,202112
D,발달상권,2120059,구삼강변맛길,208148,448830,11215,11215870,202112
D,발달상권,2120233,몽촌토성역,210013,446275,11710,11710562,202112
D,발달상권,2120159,서울대입구역,195673,442400,11620,11620595,202112
D,발달상권,2120237,경찰병원역,210920,444060,11710,11710620,202112
D,발달상권,2120105,상수역(홍대),193196,449888,11440,11440655,202112
D,발달상권,2120208,청담사거리(청담동명품거리),204242,447237,11680,11680565,202112
D,발달상권,2120104,연남동(홍대),193195,451184,11440,11440660,202112
D,발달상권,2120173,교대역(법원.검찰청),201368,443825,11650,11650510,202112
D,발달상권,2120230,송파사거리(송파역),209703,444619,11710,11710600,202112
D,발달상권,2120181,교육개발원입구사거리,203362,441993,11650,11650651,202112
D,발달상권,2120033,을지로4가역,199715,451892,11140,11140605,202112
D,발달상권,2120101,합정역,192363,449973,11440,11440680,202112
D,발달상권,2120201,도곡1동,203534,443646,11680,11680640,202112
D,발달상권,2120096,"이화여대(이대역, 이대)",195151,450943,11410,11410585,202112
D,발달상권,2120156,"총신대입구역(이수, 총신대)",198366,442986,11590,11590630,202112
D,발달상권,2120194,언주역(차병원),202978,445363,11680,11680531,202112
D,발달상권,2120161,방배동가구거리(사당동가구거리),198550,443959,11650,11650590,202112
D,발달상권,2120119,발산역(마곡),185494,451210,11500,11500603,202112
D,발달상권,2120157,신림역(신림),193755,442831,11620,11620695,202112
D,발달상권,2120167,고속터미널(고속터미널역),200352,445060,11650,11650581,202112
D,발달상권,2120220,대치역,205483,443898,11680,11680600,202112
D,발달상권,2120232,송파나루역,209915,445691,11710,11710562,202112
D,발달상권,2120182,"양재시민의숲역(양재동꽃시장, aT센터)",203611,441212,11650,11650652,202112
D,발달상권,2120094,"신촌역(신촌역, 신촌로터리)",194358,450768,11410,11410585,202112
D,발달상권,2120209,"강남구청(청담역_8번, 강남세무서)",204322,446563,11680,11680565,202112
D,발달상권,2120025,롯데백화점(시청광장 지하쇼핑센터),198249,451718,11140,11140520,202112
D,발달상권,2120060,강변역(테크노마트),208385,448363,11215,11215870,202112
D,발달상권,2120064,경희대학교(경희대),204629,454789,11230,11230710,202112
D,발달상권,2120051,뚝섬역,204308,449673,11200,11200660,202112
D,발달상권,2120078,미아사거리역,202781,457025,11305,11305545,202112
D,발달상권,2120223,휘문고교사거리,205736,444979,11680,11680610,202112
D,발달상권,2120084,공릉역,206537,458421,11350,11350595,202112
D,발달상권,2120191,학동역,202610,446011,11680,11680521,202112
D,발달상권,2120005,삼청동,198358,453656,11110,11110540,202112
D,발달상권,2120014,종로5가역,200192,452446,11110,11110630,202112
D,발달상권,2120027,명동역(명동재미로),198591,451129,11140,11140550,202112
D,발달상권,2120115,김포공항역(김포공항),182574,451711,11500,11500640,202112
D,발달상권,2120240,개롱역,211926,444010,11710,11710632,202112
D,발달상권,2120126,디지털단지오거리,190144,442426,11530,11530595,202112
D,발달상권,2120131,가산디지털단지,189615,441854,11545,11545510,202112
D,발달상권,2120226,석촌고분역,208550,444902,11710,11710610,202112
D,발달상권,2120031,을지로3가역,199251,451877,11140,11140605,202112
D,발달상권,2120038,약수역,200940,450483,11140,11140625,202112
D,발달상권,2120216,경기고교사거리(경기고교앞사거리),205001,446821,11680,11680565,202112
D,발달상권,2120227,잠실역,208903,446093,11710,11710710,202112
R,전통시장,2130116,동성타워프라자,208597,456498,11260,11260680,202112
R,전통시장,2130254,남서울상가,191772,446760,11560,11560535,202112
R,전통시장,2130316,마천시장,213302,444322,11710,11710550,202112
R,전통시장,2130131,동북프라자,201694,457842,11305,11305534,202112
R,전통시장,2130147,쌍문역동측상점가,203091,460813,11320,11320511,202112
R,전통시장,2130126,새석관시장,204650,456516,11290,11290810,202112
R,전통시장,2130173,백련시장,193208,453050,11410,11410700,202112
R,전통시장,2130125,장위전통시장,204519,456893,11290,11290770,202112
R,전통시장,2130082,면곡골목시장,207176,452398,11215,11215760,202112
R,전통시장,2130231,독산동 우시장,190812,440798,11545,11545610,202112
R,전통시장,2130095,청량리전통시장,203832,453575,11230,11230545,202112
R,전통시장,2130161,증산종합시장,191631,453573,11380,11380640,202112
R,전통시장,2130096,동부시장,204647,451975,11230,11230600,202112
R,전통시장,2130258,영진시장A동,192568,444556,11560,11560680,202112
R,전통시장,2130077,조양시장,205964,448825,11215,11215847,202112
R,전통시장,2130026,소공지하도상가,198197,451652,11140,11140520,202112
R,전통시장,2130249,동남상가,191658,446794,11560,11560535,202112
R,전통시장,2130185,망원월드컵시장,191666,450971,11440,11440700,202112
R,전통시장,2130091,청량종합도매시장,203595,453622,11230,11230545,202112
R,전통시장,2130213,방신전통시장,183415,452434,11500,11500630,202112
R,전통시장,2130124,번동시장,204238,457971,11290,11290780,202112
R,전통시장,2130079,한아름시장,206177,449346,11215,11215710,202112
R,전통시장,2130263,신노량진시장(기능상실),194664,445447,11590,11590520,202112
R,전통시장,2130320,암사종합시장,211399,450169,11740,11740570,202112
R,전통시장,2130321,장신구 특화거리 상점가,211412,447588,11740,11740640,202112
R,전통시장,2130136,수유재래시장,201901,459147,11305,11305610,202112
R,전통시장,2130199,신월3동 골목시장,184637,448250,11470,11470580,202112
R,전통시장,2130178,이대 앞 스타트업 상점가,195099,451101,11410,11410585,202112
R,전통시장,2130241,선유도역 골목형상점가,190786,448459,11560,11560620,202112
R,전통시장,2130266,만양로상점가,195120,445772,11590,11590510,202112
R,전통시장,2130073,뚝도시장,204819,448744,11200,11200670,202112
R,전통시장,2130193,신수시장,194281,449532,11440,11440630,202112
R,전통시장,2130060,신흥시장,198676,449528,11170,11170520,202112
R,전통시장,2130018,동대문문구완구거리(동대문문구완구시장),201243,452449,11110,11110670,202112
R,전통시장,2130197,마포시장,195892,449499,11440,11440555,202112
R,전통시장,2130002,세종마을음식문화거리(금천교시장),197425,453043,11110,11110530,202112
R,전통시장,2130030,을지로지하보도쇼핑센터(을지입구지하상가),198850,451851,11140,11140550,202112
R,전통시장,2130189,서교시장,193061,450440,11440,11440660,202112
R,전통시장,2130006,종로4가지하쇼핑센터,199812,452230,11110,11110615,202112
R,전통시장,2130089,청량리수산시장,203575,453165,11230,11230536,202112
R,전통시장,2130308,청담삼익시장,205100,446990,11680,11680565,202112
R,전통시장,2130181,아현가구거리상점가,196381,450924,11410,11410555,202112
R,전통시장,2130138,수유프라자,202081,459122,11305,11305610,202112
R,전통시장,2130319,성내전통시장,211269,448249,11740,11740650,202112
R,전통시장,2130220,등마루시장,187646,450806,11500,11500520,202112
R,전통시장,2130324,길동복조리시장,212688,448834,11740,11740685,202112
R,전통시장,2130117,정릉시장,200793,456502,11290,11290640,202112
R,전통시장,2130108,태능엔터피아(태릉시장),206855,455522,11260,11260610,202112
R,전통시장,2130043,제일평화시장,201001,452122,11140,11140615,202112
R,전통시장,2130016,동대문상가B동,201056,452272,11110,11110670,202112
R,전통시장,2130217,화곡본동시장,186204,449333,11500,11500590,202112
R,전통시장,2130265,노량진중앙시장,195115,445908,11590,11590510,202112
R,전통시장,2130299,엔터식스 강남점,200658,445081,11650,11650581,202112
R,전통시장,2130005,세운상가가동,199612,452227,11110,11110615,202112
R,전통시장,2130088,경동시장,203465,453328,11230,11230545,202112
R,전통시장,2130149,창동신창시장,203263,460023,11320,11320512,202112
R,전통시장,2130059,후암시장,197903,450085,11170,11170510,202112
R,전통시장,2130112,사가정시장,208026,453542,11260,11260575,202112
R,전통시장,2130145,쌍문역둘리상점가,202857,460714,11320,11320680,202112
R,전통시장,2130021,신설종합시장,201848,452569,11110,11110710,202112
R,전통시장,2130098,회기시장,204917,454623,11230,11230710,202112
R,전통시장,2130157,상계중앙시장,206104,462246,11350,11350640,202112
R,전통시장,2130166,응암시장(신응암시장),192813,454969,11380,11380590,202112
R,전통시장,2130311,새마을시장,207564,445528,11710,11710650,202112
R,전통시장,2130183,상암동상점가,190795,453080,11440,11440740,202112
R,전통시장,2130048,동평화시장,201169,452222,11140,11140615,202112
R,전통시장,2130164,역촌중앙시장,192599,457080,11380,11380552,202112
R,전통시장,2130297,강남터미널지하도상점가1구역,200185,445088,11650,11650581,202112
R,전통시장,2130190,홍대소상공인상점가,193073,450398,11440,11440660,202112
R,전통시장,2130191,홍대 걷고싶은 거리,193383,450703,11440,11440660,202112
R,전통시장,2130154,상계주공1단지(가)상가,205252,460805,11350,11350695,202112
R,전통시장,2130309,은마종합상점가,205634,444008,11680,11680610,202112
R,전통시장,2130228,구로시장,189881,443266,11530,11530550,202112
R,전통시장,2130203,서서울 골목형상점가,185612,447937,11470,11470560,202112
R,전통시장,2130025,삼익패션타운(남대문시장),198174,451156,11140,11140540,202112
R,전통시장,2130240,영등포유통상가,190657,446983,11560,11560550,202112
R,전통시장,2130167,연신내상점가(연빛거리),192815,457888,11380,11380551,202112
R,전통시장,2130180,포방터시장,195474,455495,11410,11410660,202112
R,전통시장,2130222,오류시장,186150,444126,11530,11530770,202112
R,전통시장,2130211,신정2동 골목시장(오목교중앙시장),189054,446792,11470,11470630,202112
R,전통시장,2130033,대림상가(청계상가),199595,452002,11140,11140605,202112
R,전통시장,2130140,숭인시장,202582,457106,11305,11305555,202112
R,전통시장,2130141,강북북부골목시장,202666,459592,11305,11305590,202112
R,전통시장,2130260,신대방1동골목상권,191922,443396,11590,11590670,202112
R,전통시장,2130174,연희사러가,193786,451958,11410,11410615,202112
R,전통시장,2130065,무학봉상점가,202677,451380,11200,11200520,202112
R,전통시장,2130187,영진시장,192299,450435,11440,11440660,202112
R,전통시장,2130218,신월중앙시장,186252,451047,11500,11500535,202112
R,전통시장,2130255,영등포전통시장,191909,446830,11560,11560535,202112
R,전통시장,2130275,강남골목시장,191591,442570,11620,11620725,202112
R,전통시장,2130196,공덕시장,195831,449449,11440,11440555,202112
R,전통시장,2130113,신아타운,208352,456316,11260,11260690,202112
R,전통시장,2130296,남부종합시장,198668,443927,11650,11650590,202112
R,전통시장,2130009,마전교지하쇼핑센터(구 한일상가),200268,452278,11110,11110630,202112
R,전통시장,2130153,창동역상점가,204350,461492,11320,11320514,202112
R,전통시장,2130001,통인시장,197338,453452,11110,11110515,202112
R,전통시장,2130031,청계천공구상가,199212,452007,11140,11140605,202112
R,전통시장,2130019,동대문상가D동,201294,452274,11110,11110670,202112
R,전통시장,2130144,백운시장,201357,461827,11320,11320660,202112
R,전통시장,2130283,신원시장,193563,442582,11620,11620655,202112
R,전통시장,2130184,마포농수산물시장,190832,451595,11440,11440730,202112
R,전통시장,2130194,용강동 상점가,194897,449083,11440,11440590,202112
R,전통시장,2130195,도화동 상점가,195558,448904,11440,11440585,202112
R,전통시장,2130245,영일시장,191200,446425,11560,11560605,202112
R,전통시장,2130168,연서시장,193167,457810,11380,11380530,202112
R,전통시장,2130202,신영시장,185487,448177,11470,11470560,202112
R,전통시장,2130186,망원시장,191705,450757,11440,11440690,202112
R,전통시장,2130310,강남개포시장,205983,443264,11680,11680670,202112
R,전통시장,2130278,미성동 도깨비시장 골목형상점가,192616,441659,11620,11620765,202112
R,전통시장,2130076,능동로골목시장,205883,448396,11215,11215840,202112
R,전통시장,2130244,대림중앙시장,191099,443490,11560,11560710,202112
R,전통시장,2130011,충신시장,200500,452753,11110,11110630,202112
R,전통시장,2130225,개봉중앙시장,187143,443568,11530,11530750,202112
R,전통시장,2130066,행당시장상점가,202939,451302,11200,11200560,202112
R,전통시장,2130152,오!도봉거리 상점가,204013,463716,11320,11320522,202112
R,전통시장,2130313,방이시장,210216,445807,11710,11710562,202112
R,전통시장,2130294,관악중부시장,196136,442757,11620,11620575,202112
R,전통시장,2130003,종각지하쇼핑센터,198586,452295,11110,11110615,202112
R,전통시장,2130039,청계6가 지하도상가,200844,452067,11140,11140590,202112
R,전통시장,2130230,가리봉시장,190200,442460,11530,11530595,202112
R,전통시장,2130233,남문시장,191236,441637,11545,11545630,202112
R,전통시장,2130171,불광먹자골목 골목형상점가,193898,456766,11380,11380520,202112
R,전통시장,2130305,논현종합시장,203037,445602,11680,11680531,202112
R,전통시장,2130051,동화동 골목형상점가,201527,451415,11140,11140665,202112
R,전통시장,2130063,신금호역 골목형상점가,201794,450470,11200,11200615,202112
R,전통시장,2130054,황학동주방가구거리상점가,201781,452132,11140,11140670,202112
R,전통시장,2130049,신당 미래유산 먹거리 골목형상점가,201312,451472,11140,11140615,202112
R,전통시장,2130020,동묘시장(동묘벼룩시장),201563,452547,11110,11110710,202112
R,전통시장,2130277,조원동 펭귄시장(신림중앙시장),192177,442604,11620,11620725,202112
R,전통시장,2130207,신정1동 골목시장(신정제일시장),187114,446821,11470,11470620,202112
R,전통시장,2130232,독산동 맛나는거리상점가(독산동 맛나는거리),191182,441097,11545,11545640,202112
R,전통시장,2130133,우이골목시장(우이시장),201735,460761,11305,11305620,202112
R,전통시장,2130253,영신상가(제일상가),191748,446722,11560,11560535,202112
R,전통시장,2130146,쌍문시장(쌍문역골목시장),202971,461038,11320,11320680,202112
R,전통시장,2130107,중랑동부시장(중랑교종합상가),206823,454827,11260,11260590,202112
R,전통시장,2130132,삼양골목시장(삼양시장),201716,458372,11305,11305534,202112
R,전통시장,2130261,성대전통시장(성대시장),193909,444434,11590,11590550,202112
R,전통시장,2130027,명동지하쇼핑센터(소공동지하쇼핑센터),198361,451573,11140,11140520,202112
R,전통시장,2130287,삼성동 시장(삼성동시장),194005,441251,11620,11620745,202112
R,전통시장,2130080,자양종합시장(기능상실),206753,448044,11215,11215830,202112
R,전통시장,2130105,장미제일시장(중화동제일시장),206713,456102,11260,11260610,202112
R,전통시장,2130075,노룬산시장(노룬산골목시장),205730,448565,11215,11215847,202112
R,전통시장,2130044,에리어식스(벨포스트),201033,452058,11140,11140615,202112
R,전통시장,2130071,성수역 골목형상점가,204705,449665,11200,11200690,202112
R,전통시장,2130118,정릉골 골목형상점가,200862,456992,11290,11290650,202112
R,전통시장,2130123,꿈의숲 장곡 골목형상점가,204113,457599,11290,11290760,202112
R,전통시장,2130242,대림중앙 골목형상점가,191001,443407,11560,11560710,202112
R,전통시장,2130264,상도약수골목형상점가,195064,444149,11590,11590560,202112
R,전통시장,2130290,영림시장,194974,442458,11620,11620595,202112
R,전통시장,2130282,난곡 골목형상점가,193029,441104,11620,11620775,202112
R,전통시장,2130326,고덕 골목형상점가,215026,450949,11740,11740560,202112
R,전통시장,2130111,"동원전통종합시장(동원시장, 동원전통시장 상점가)",207982,454520,11260,11260565,202112
R,전통시장,2130012,"동대문종합시장(동대문종합시장 신관, 동대문종합시장D동상가)",200719,452328,11110,11110630,202112
R,전통시장,2130302,강남시장(강남구 강남시장),201829,446589,11680,11680510,202112
R,전통시장,2130246,영등포청과시장(조광시장),191248,446909,11560,11560550,202112
R,전통시장,2130028,을지입구지하상가(을지로지하보도쇼핑센터),198407,451838,11140,11140550,202112
R,전통시장,2130155,시영B상가(중계 그린아파트 B 상가),205628,460383,11350,11350625,202112
R,전통시장,2130047,테크노상가(엘리시움),201161,452152,11140,11140615,202112
R,전통시장,2130037,청계5가쇼핑센터(청계5가지하쇼핑센터),200183,452177,11140,11140605,202112
R,전통시장,2130267,본동인정시장(기능상실),195677,445786,11590,11590510,202112
R,전통시장,2130274,사당1동먹자골목상점가(사당1동먹자골목),198261,442126,11590,11590620,202112
R,전통시장,2130084,신성시장(신성골목시장),207830,450949,11215,11215770,202112
R,전통시장,2130128,돌곶이시장(석관황금시장),205493,456687,11290,11290810,202112
R,전통시장,2130087,경동광성상가(경동시장),203458,453513,11230,11230545,202112
R,전통시장,2130276,신림중앙시장(조원동 펭귄시장),192172,442656,11620,11620725,202112
R,전통시장,2130035,방산종합시장(방산시장),200007,452068,11140,11140605,202112
R,전통시장,2130041,신평화패션타운(청계6가 지하도상가),200966,452206,11140,11140615,202112
R,전통시장,2130120,돈암시장(돈암제일시장),201400,454692,11290,11290555,202112
R,전통시장,2130273,남성사계시장(남성시장),198258,443208,11590,11590630,202112
R,전통시장,2130135,수유중앙골목시장(수유중앙시장),201871,460125,11305,11305630,202112
R,전통시장,2130236,비단길현대시장(현대시장),191400,439772,11545,11545670,202112
R,전통시장,2130315,문정동 로데오거리 상점가(문정동 로데오거리),210995,443324,11710,11710641,202112
R,전통시장,2130177,인왕시장(홍제골목형상점가),194989,454596,11410,11410640,202112
R,전통시장,2130007,광장시장(광장전통시장),199990,452262,11110,11110615,202112
R,전통시장,2130208,목동깨비시장(목3동시장),188088,449925,11470,11470530,202112
R,전통시장,2130069,"한양대앞상점가(한양시장, 왕십리맛골목)",203551,451116,11200,11200550,202112
R,전통시장,2130165,"대림골목시장(대림시장, 양지시장)",192693,454170,11380,11380600,202112
R,전통시장,2130137,"수유전통시장(수유시장, 수유골목시장)",201996,459067,11305,11305610,202112
R,전통시장,2130200,"신월7동 골목시장(약수시장, 우성상가)",185247,447063,11470,11470611,202112
R,전통시장,2130055,"황학시장(서울중앙시장, 신중앙시장)",201918,451937,11140,11140670,202112
R,전통시장,2130038,"평화시장(통일상가, 동화상가)",200518,452137,11140,11140590,202112
R,전통시장,2130221,"남부골목시장(남부화곡시장, 남부시장)",187677,448185,11500,11500570,202112
R,전통시장,2130083,"중곡제일시장(중곡제일골목시장, 광성시장)",207176,451590,11215,11215740,202112
R,전통시장,2130224,개봉프라자(고척근린시장),186841,444744,11530,11530730,202112
R,전통시장,2130024,남대문시장(자유상가),198054,451102,11140,11140540,202112
R,전통시장,2130022,숭례문수입상가(남대문시장),197888,451107,11140,11140540,202112
R,전통시장,2130103,이경시장,205835,455016,11230,11230720,202112
R,전통시장,2130235,대명여울빛거리시장(대명시장),191353,439353,11545,11545670,202112
R,전통시장,2130100,답십리시장,205150,452705,11230,11230610,202112
R,전통시장,2130094,청량리청과물시장,203769,453380,11230,11230545,202112
R,전통시장,2130201,월정로시장,185339,448182,11470,11470560,202112
R,전통시장,2130307,도곡시장,204562,444257,11680,11680650,202112
R,전통시장,2130322,고분다리전통시장,211756,449197,11740,11740620,202112
R,전통시장,2130148,방학동도깨비시장,203098,462822,11320,11320700,202112
R,전통시장,2130317,마천중앙시장,213353,444339,11710,11710550,202112
R,전통시장,2130257,영등포시장기계공구상가,192077,446674,11560,11560535,202112
R,전통시장,2130293,봉천중앙시장,195987,442760,11620,11620615,202112
R,전통시장,2130032,인현시장,199561,451530,11140,11140590,202112
R,전통시장,2130158,상계역전종합상가,206453,462378,11350,11350670,202112
R,전통시장,2130291,봉천제일종합시장,195084,442421,11620,11620595,202112
R,전통시장,2130182,영천시장,196564,452315,11410,11410520,202112
R,전통시장,2130210,목2동시장,188785,449638,11470,11470520,202112
R,전통시장,2130129,장미원골목시장,201258,460617,11305,11305645,202112
R,전통시장,2130015,창신골목시장,201024,452654,11110,11110680,202112
R,전통시장,2130262,상도도깨비 골목형상점가,194436,444784,11590,11590540,202112
R,전통시장,2130130,수유북부골목시장,201415,459639,11305,11305660,202112
R,전통시장,2130008,종오지하쇼핑센터,200100,452372,11110,11110630,202112
R,전통시장,2130114,유영시장,208551,454672,11260,11260660,202112
R,전통시장,2130216,화곡중앙시장,185782,448354,11500,11500540,202112
R,전통시장,2130252,영등포로타리지하도상점가,191712,446425,11560,11560535,202112
R,전통시장,2130086,서울약령시장,203326,453648,11230,11230545,202112
R,전통시장,2130056,용산용문시장,196484,448547,11170,11170590,202112
R,전통시장,2130053,백학시장,201740,451599,11140,11140650,202112
R,전통시장,2130204,경창시장,186045,447233,11470,11470570,202112
R,전통시장,2130318,로데오거리상점가,211245,448845,11740,11740610,202112
R,전통시장,2130285,서원동상점가,193661,442566,11620,11620645,202112
R,전통시장,2130104,전곡시장,206063,453092,11230,11230660,202112
R,전통시장,2130243,도림시장,191025,445602,11560,11560585,202112
R,전통시장,2130004,낙원시장(낙원지하시장(대일상가)),198941,452580,11110,11110615,202112
R,전통시장,2130250,삼구시장(로타리상가),191664,446741,11560,11560535,202112
R,전통시장,2130072,성동용답상가시장,204707,451601,11200,11200790,202112
R,전통시장,2130212,공항시장,183103,451507,11500,11500640,202112
R,전통시장,2130281,우림시장,192957,441206,11620,11620775,202112
R,전통시장,2130314,풍납시장,210600,448635,11710,11710510,202112
R,전통시장,2130312,석촌시장,209490,444553,11710,11710600,202112
R,전통시장,2130304,신사상가,202511,448086,11680,11680545,202112
R,전통시장,2130179,"이화여대 3,5,7길 상점가",195143,450966,11410,11410585,202112
R,전통시장,2130078,화양제일골목시장,206105,449305,11215,11215710,202112
R,전통시장,2130289,봉일시장,194551,442935,11620,11620605,202112
R,전통시장,2130102,이문제일시장,205523,456115,11230,11230750,202112
R,전통시장,2130058,이촌종합시장,197769,446791,11170,11170630,202112
R,전통시장,2130057,만리시장,196785,450197,11170,11170555,202112
R,전통시장,2130237,박미시장(기능상실),191603,437869,11545,11545690,202112
R,전통시장,2130259,대신시장,192723,445735,11560,11560630,202112
R,전통시장,2130306,강남언주로,203788,445046,11680,11680640,202112
R,전통시장,2130323,둔촌역전통시장,211872,447600,11740,11740660,202112
R,전통시장,2130127,석관시장,205333,456599,11290,11290810,202112
R,전통시장,2130014,동문시장,200977,452332,11110,11110670,202112
R,전통시장,2130106,중랑동부시장,206773,454745,11260,11260520,202112
R,전통시장,2130064,금남시장,201973,449892,11200,11200615,202112
R,전통시장,2130150,창동골목시장,203449,459885,11320,11320513,202112
R,전통시장,2130300,강남터미널지하도상점가3구역,200681,445274,11650,11650581,202112
R,전통시장,2130121,길음시장,201944,455945,11290,11290660,202112
R,전통시장,2130097,답십리 건축자재시장,204745,452030,11230,11230600,202112
R,전통시장,2130268,상도전통시장,195759,444396,11590,11590530,202112
R,전통시장,2130292,봉천현대시장,195274,443010,11620,11620605,202112
R,전통시장,2130303,영동전통시장,202135,445507,11680,11680521,202112
R,전통시장,2130134,"솔샘시장(미아6,7동골목시장)",201747,457750,11305,11305575,202112
R,전통시장,2130163,응암오거리상점가,192525,454375,11380,11380600,202112
R,전통시장,2130223,고척근린시장,186713,444752,11530,11530730,202112
R,전통시장,2130101,답십리현대시장,205166,451959,11230,11230600,202112
R,전통시장,2130298,강남터미널지하도상점가2구역,200416,445175,11650,11650581,202112
R,전통시장,2130169,대조시장,193522,456699,11380,11380570,202112
R,전통시장,2130247,우리시장,191602,444136,11560,11560700,202112
R,전통시장,2130160,수일시장,190730,453725,11380,11380650,202112
R,전통시장,2130074,영동교골목시장,205645,448742,11215,11215847,202112
R,전통시장,2130067,왕십리도선동상점가,203014,451622,11200,11200535,202112
R,전통시장,2130192,동진시장,193534,451422,11440,11440710,202112
R,전통시장,2130215,대원종합시장,185550,449472,11500,11500560,202112
R,전통시장,2130198,아현시장,195929,450737,11440,11440555,202112
R,전통시장,2130010,종로신진시장,200442,452315,11110,11110630,202112
R,전통시장,2130109,묵1동도깨비시장,207094,457452,11260,11260620,202112
R,전통시장,2130280,신림종합시장,192659,442799,11620,11620685,202112
R,전통시장,2130256,신동시장,191953,445183,11560,11560650,202112
R,전통시장,2130013,동대문상가A동,200946,452268,11110,11110670,202112
R,전통시장,2130271,남성역골목시장,197572,442683,11590,11590650,202112
R,전통시장,2130070,뚝섬역상점가,204353,449873,11200,11200660,202112
R,전통시장,2130251,영등포시장지하도상점가,191688,446715,11560,11560535,202112
R,전통시장,2130279,관악신사시장,192641,442985,11620,11620685,202112
R,전통시장,2130229,남구로시장,190022,443413,11530,11530530,202112
R,전통시장,2130061,이태원시장,199054,448266,11170,11170650,202112
R,전통시장,2130034,필동 골목형상점가,199691,451146,11140,11140570,202112
R,전통시장,2130046,team204(팀204),201158,452032,11140,11140615,202112
R,전통시장,2130270,흑석시장,196727,445276,11590,11590605,202112
R,전통시장,2130151,신도봉시장,203673,463403,11320,11320521,202112
R,전통시장,2130188,합정시장,192329,449860,11440,11440680,202112
R,전통시장,2130301,양재시장,203393,442740,11650,11650651,202112
R,전통시장,2130206,신정3동 골목시장,187023,446573,11470,11470640,202112
R,전통시장,2130062,보광시장,200033,447504,11170,11170700,202112
R,전통시장,2130122,밤나무골시장,203136,456581,11290,11290715,202112
R,전통시장,2130040,남평화시장,200955,452180,11140,11140615,202112
R,전통시장,2130284,관악종합시장(신원시장),193636,442462,11620,11620655,202112
R,전통시장,2130269,강남시장(동작구 강남시장),195874,444157,11590,11590530,202112
R,전통시장,2130023,남대문로 지하상가(남대문지하쇼핑센터),198044,451265,11140,11140540,202112
R,전통시장,2130156,시영2단지 무지개종합상가(중계 무지개2단지아파트상가),205788,460415,11350,11350625,202112
R,전통시장,2130045,광희패션몰,201058,452126,11140,11140615,202112
R,전통시장,2130176,유진상가,194969,454672,11410,11410660,202112
R,전통시장,2130017,동대문상가C동,201176,452273,11110,11110670,202112
R,전통시장,2130175,신촌 상인회(신촌상점가),194449,450774,11410,11410585,202112
R,전통시장,2130205,신곡종합시장(신월6동 골목시장),186083,446523,11470,11470610,202112
R,전통시장,2130209,목사랑시장(목4동시장),188190,448701,11470,11470540,202112
R,전통시장,2130081,자양골목전통시장(자양골목시장),207022,448285,11215,11215820,202112
R,전통시장,2130036,중부시장(신중부시장),200025,451782,11140,11140590,202112
R,전통시장,2130093,동서시장,203658,453368,11230,11230545,202112
R,전통시장,2130234,푸른터시장(기능상실),191280,442075,11545,11545630,202112
R,전통시장,2130295,인헌시장(원당종합시장),196951,441612,11620,11620625,202112
R,전통시장,2130172,모래내시장(서중시장),192510,452277,11410,11410690,202112
R,전통시장,2130286,신신림시장(삼성동시장),193986,441259,11620,11620745,202112
R,전통시장,2130139,강북종합전통시장(강북종합골목시장),202325,460278,11305,11305630,202112
R,전통시장,2130214,송화벽화시장(송화골목시장),185436,449999,11500,11500611,202112
R,전통시장,2130052,서울중앙시장(신중앙시장),201657,451936,11140,11140670,202112
R,전통시장,2130110,면목골목시장(면목시장),207552,453227,11260,11260570,202112
R,전통시장,2130227,고척골목시장상점가(그라운드 고척),187936,444885,11530,11530720,202112
R,전통시장,2130288,신림현대종합상가,194171,441684,11620,11620665,202112
R,전통시장,2130162,증산골목시장,192204,454336,11380,11380640,202112
R,전통시장,2130272,사당시장,197801,442618,11590,11590650,202112
R,전통시장,2130239,양남시장,190380,447046,11560,11560610,202112
R,전통시장,2130115,우림골목시장,208596,455354,11260,11260655,202112
R,전통시장,2130143,방천골목시장,202931,457016,11305,11305545,202112
R,전통시장,2130029,명동역지하도상가,198672,451263,11140,11140550,202112
R,전통시장,2130248,영등포역지하도상점가,191613,446087,11560,11560515,202112
R,전통시장,2130042,약수시장,200980,450371,11140,11140635,202112
R,전통시장,2130238,은행나무시장,192045,439138,11545,11545710,202112
R,전통시장,2130219,까치산시장,186511,448114,11500,11500593,202112
R,전통시장,2130068,마장축산물시장,203462,452281,11200,11200540,202112
R,전통시장,2130226,고척프라자,187869,444935,11530,11530720,202112
R,전통시장,2130119,정릉아리랑시장,201050,455910,11290,11290630,202112
R,전통시장,2130325,명일전통시장,212843,449985,11740,11740530,202112
R,전통시장,2130159,공릉동 도깨비시장,206702,458080,11350,11350595,202112
R,전통시장,2130090,청량리종합시장,203593,453339,11230,11230545,202112
R,전통시장,2130142,강북북부시장,202686,459632,11305,11305590,202112
R,전통시장,2130085,용두시장,202628,453213,11230,11230536,202112
R,전통시장,2130050,청평화시장,201327,452228,11140,11140615,202112
R,전통시장,2130170,제일시장,193766,456714,11380,11380570,202112
R,전통시장,2130092,청량리농수산물시장,203620,453450,11230,11230545,202112
R,전통시장,2130099,전농로터리시장,205011,453130,11230,11230560,202112
U,관광특구,1001492,명동 남대문 북창동 다동 무교동 관광특구,198397,451624,11140,11140520,202112
U,관광특구,1001493,동대문패션타운 관광특구,200974,451975,11140,11140590,202112
U,관광특구,1001494,종로·청계 관광특구,199768,452273,11110,11110615,202112
U,관광특구,1001495,잠실 관광특구,210191,446339,11710,11710566,202112
U,관광특구,1001496,강남 마이스 관광특구,205310,445727,11680,11680580,202112
U,관광특구,1001491,이태원 관광특구,199503,448326,11170,11170650,202112
